time_ms,value
992.000000,0.01216959
992.008000,0.01216959
992.016000,0.01216959
992.024000,0.01216959
992.032000,0.02441620
992.040000,0.00000000
992.048000,0.01216959
992.056000,0.01833141
992.064000,0.01216959
992.072000,0.03658580
992.080000,0.02441620
992.088000,0.02441620
992.096000,0.01833141
992.104000,0.02441620
992.112000,0.01833141
992.120000,0.01833141
992.128000,0.01216959
992.136000,0.01833141
992.144000,0.01216959
992.152000,0.01216959
992.160000,0.01833141
992.168000,0.02441620
992.176000,0.02441620
992.184000,0.03050100
992.192000,0.01216959
992.200000,0.02441620
992.208000,0.03050100
992.216000,0.01216959
992.224000,0.01216959
992.232000,0.01833141
992.240000,0.01216959
992.248000,0.01833141
992.256000,0.01216959
992.264000,0.02441620
992.272000,0.02441620
992.280000,0.01833141
992.288000,0.03050100
992.296000,0.01833141
992.304000,0.02441620
992.312000,0.02441620
992.320000,0.01833141
992.328000,0.01833141
992.336000,0.00608480
992.344000,0.01216959
992.352000,0.01216959
992.360000,0.01833141
992.368000,0.02441620
992.376000,0.01833141
992.384000,0.03050100
992.392000,0.03050100
992.400000,0.03050100
992.408000,0.01216959
992.416000,0.01833141
992.424000,0.02441620
992.432000,0.01833141
992.440000,0.01216959
992.448000,0.03050100
992.456000,0.01216959
992.464000,0.00000000
992.472000,0.02441620
992.480000,0.03050100
992.488000,0.03658580
992.496000,0.01833141
992.504000,0.03050100
992.512000,0.01833141
992.520000,0.03050100
992.528000,0.02441620
992.536000,0.01216959
992.544000,0.02441620
992.552000,0.01216959
992.560000,0.01833141
992.568000,0.03658580
992.576000,0.02441620
992.584000,0.03050100
992.592000,0.01833141
992.600000,0.01833141
992.608000,0.04274761
992.616000,0.02441620
992.624000,0.02441620
992.632000,0.01216959
992.640000,0.01833141
992.648000,0.01833141
992.656000,0.00608480
992.664000,0.01833141
992.672000,0.00000000
992.680000,0.01216959
992.688000,0.03050100
992.696000,0.02441620
992.704000,0.03050100
992.712000,0.01833141
992.720000,0.03050100
992.728000,0.03050100
992.736000,0.02441620
992.744000,0.02441620
992.752000,0.01833141
992.760000,0.01216959
992.768000,0.01216959
992.776000,0.01216959
992.784000,0.02441620
992.792000,0.02441620
992.800000,0.03050100
992.808000,0.01833141
992.816000,0.01833141
992.824000,0.03658580
992.832000,0.02441620
992.840000,0.02441620
992.848000,0.02441620
992.856000,0.00608480
992.864000,0.01833141
992.872000,0.00608480
992.880000,0.00608480
992.888000,0.01833141
992.896000,0.02441620
992.904000,0.03050100
992.912000,0.02441620
992.920000,0.03050100
992.928000,0.03050100
992.936000,0.02441620
992.944000,0.03050100
992.952000,0.02441620
992.960000,0.00608480
992.968000,0.00608480
992.976000,0.01216959
992.984000,0.03050100
992.992000,0.01216959
993.000000,0.02441620
993.008000,0.03658580
993.016000,0.01833141
993.024000,0.01216959
993.032000,0.01833141
993.040000,0.02441620
993.048000,0.01216959
993.056000,0.01833141
993.064000,0.02441620
993.072000,0.01216959
993.080000,0.01216959
993.088000,0.00608480
993.096000,0.02441620
993.104000,0.02441620
993.112000,0.02441620
993.120000,0.03050100
993.128000,0.02441620
993.136000,0.02441620
993.144000,0.03050100
993.152000,0.00000000
993.160000,0.02441620
993.168000,0.01833141
993.176000,0.00608480
993.184000,0.01216959
993.192000,0.01216959
993.200000,0.01833141
993.208000,0.02441620
993.216000,0.02441620
993.224000,0.04274761
993.232000,0.02441620
993.240000,0.03658580
993.248000,0.01833141
993.256000,0.01833141
993.264000,0.02441620
993.272000,0.01833141
993.280000,0.01833141
993.288000,0.01216959
993.296000,0.01216959
993.304000,0.01833141
993.312000,0.00608480
993.320000,0.03658580
993.328000,0.01833141
993.336000,0.03050100
993.344000,0.03050100
993.352000,0.03050100
993.360000,0.02441620
993.368000,0.00000000
993.376000,0.01216959
993.384000,0.00608480
993.392000,0.00608480
993.400000,0.01833141
993.408000,0.01833141
993.416000,0.03050100
993.424000,0.02441620
993.432000,0.02441620
993.440000,0.04883241
993.448000,0.02441620
993.456000,0.02441620
993.464000,0.02441620
993.472000,0.02441620
993.480000,0.02441620
993.488000,0.00000000
993.496000,0.00000000
993.504000,0.01216959
993.512000,0.01833141
993.520000,0.02441620
993.528000,0.01216959
993.536000,0.02441620
993.544000,0.02441620
993.552000,0.02441620
993.560000,0.03658580
993.568000,0.01833141
993.576000,0.01833141
993.584000,0.01216959
993.592000,0.01216959
993.600000,0.01833141
993.608000,0.00608480
993.616000,0.01833141
993.624000,0.02441620
993.632000,0.02441620
993.640000,0.03658580
993.648000,0.02441620
993.656000,0.02441620
993.664000,0.03050100
993.672000,0.02441620
993.680000,0.03050100
993.688000,0.01216959
993.696000,0.02441620
993.704000,0.00000000
993.712000,-0.00608480
993.720000,0.01833141
993.728000,0.02441620
993.736000,0.03050100
993.744000,0.01833141
993.752000,0.03050100
993.760000,0.03658580
993.768000,0.01216959
993.776000,0.03658580
993.784000,0.02441620
993.792000,0.01216959
993.800000,0.01216959
993.808000,0.00000000
993.816000,0.01833141
993.824000,0.01216959
993.832000,0.01216959
993.840000,0.02441620
993.848000,0.03050100
993.856000,0.03658580
993.864000,0.03050100
993.872000,0.02441620
993.880000,0.03050100
993.888000,0.01216959
993.896000,0.01833141
993.904000,0.00000000
993.912000,0.02441620
993.920000,0.01216959
993.928000,0.01216959
993.936000,0.02441620
993.944000,0.01833141
993.952000,0.02441620
993.960000,0.03050100
993.968000,0.03050100
993.976000,0.03658580
993.984000,0.01216959
993.992000,0.01833141
994.000000,0.01216959
994.008000,0.01216959
994.016000,0.01833141
994.024000,0.00608480
994.032000,0.01216959
994.040000,0.01833141
994.048000,0.03050100
994.056000,0.03050100
994.064000,0.01833141
994.072000,0.03050100
994.080000,0.03658580
994.088000,0.02441620
994.096000,0.03050100
994.104000,0.01833141
994.112000,0.01216959
994.120000,0.01216959
994.128000,0.01833141
994.136000,0.03050100
994.144000,0.00000000
994.152000,0.01833141
994.160000,0.03050100
994.168000,0.02441620
994.176000,0.03658580
994.184000,0.00608480
994.192000,0.03050100
994.200000,0.01216959
994.208000,0.01833141
994.216000,0.01833141
994.224000,0.01216959
994.232000,0.01216959
994.240000,0.01833141
994.248000,0.02441620
994.256000,0.03658580
994.264000,0.01833141
994.272000,0.02441620
994.280000,0.01833141
994.288000,0.03658580
994.296000,0.03050100
994.304000,0.01216959
994.312000,0.03658580
994.320000,0.00000000
994.328000,-0.01833141
994.336000,0.01833141
994.344000,0.01216959
994.352000,0.01216959
994.360000,0.02441620
994.368000,0.03050100
994.376000,0.03050100
994.384000,0.03050100
994.392000,0.03658580
994.400000,0.01833141
994.408000,0.01833141
994.416000,0.01833141
994.424000,0.01833141
994.432000,0.01833141
994.440000,0.00608480
994.448000,0.01833141
994.456000,-0.00608480
994.464000,0.01833141
994.472000,0.04883241
994.480000,0.03050100
994.488000,0.03050100
994.496000,0.03050100
994.504000,0.03050100
994.512000,0.03658580
994.520000,0.01833141
994.528000,0.01833141
994.536000,0.00608480
994.544000,0.01216959
994.552000,0.01216959
994.560000,0.00608480
994.568000,0.01833141
994.576000,0.02441620
994.584000,0.02441620
994.592000,0.03658580
994.600000,0.02441620
994.608000,0.02441620
994.616000,0.02441620
994.624000,0.01216959
994.632000,0.02441620
994.640000,0.00000000
994.648000,0.01216959
994.656000,0.01216959
994.664000,0.01833141
994.672000,0.00608480
994.680000,0.01833141
994.688000,0.03050100
994.696000,0.02441620
994.704000,0.03050100
994.712000,0.03050100
994.720000,0.03050100
994.728000,0.03050100
994.736000,0.01216959
994.744000,0.02441620
994.752000,0.01833141
994.760000,0.00000000
994.768000,0.01833141
994.776000,0.01216959
994.784000,0.02441620
994.792000,0.03658580
994.800000,0.01833141
994.808000,0.03050100
994.816000,0.02441620
994.824000,0.03050100
994.832000,0.02441620
994.840000,0.00608480
994.848000,0.01833141
994.856000,0.00000000
994.864000,0.01833141
994.872000,0.01833141
994.880000,0.01216959
994.888000,0.03050100
994.896000,0.03050100
994.904000,0.02441620
994.912000,0.03658580
994.920000,0.03050100
994.928000,0.03050100
994.936000,0.01216959
994.944000,0.02441620
994.952000,0.01833141
994.960000,0.00000000
994.968000,0.02441620
994.976000,0.01833141
994.984000,0.01833141
994.992000,0.02441620
995.000000,0.03658580
995.008000,0.04274761
995.016000,0.00608480
995.024000,0.03658580
995.032000,0.03658580
995.040000,0.01833141
995.048000,0.02441620
995.056000,0.01833141
995.064000,0.02441620
995.072000,0.00000000
995.080000,0.00608480
995.088000,0.03050100
995.096000,0.01216959
995.104000,0.01833141
995.112000,0.03050100
995.120000,0.03050100
995.128000,0.04274761
995.136000,0.01216959
995.144000,0.00608480
995.152000,0.02441620
995.160000,0.02441620
995.168000,0.01833141
995.176000,0.00000000
995.184000,0.01833141
995.192000,0.02441620
995.200000,0.03050100
995.208000,0.04274761
995.216000,0.04883241
995.224000,0.03050100
995.232000,0.01833141
995.240000,0.03050100
995.248000,0.03050100
995.256000,0.01833141
995.264000,0.02441620
995.272000,0.01833141
995.280000,0.01833141
995.288000,0.01216959
995.296000,0.01833141
995.304000,0.02441620
995.312000,0.01216959
995.320000,0.03050100
995.328000,0.04274761
995.336000,0.02441620
995.344000,0.03050100
995.352000,0.01833141
995.360000,0.01833141
995.368000,0.01833141
995.376000,0.00608480
995.384000,0.01833141
995.392000,0.01216959
995.400000,0.01216959
995.408000,0.03050100
995.416000,0.01833141
995.424000,0.03050100
995.432000,0.04274761
995.440000,0.03658580
995.448000,0.02441620
995.456000,0.02441620
995.464000,0.03050100
995.472000,0.01216959
995.480000,0.01833141
995.488000,0.00000000
995.496000,0.01216959
995.504000,0.02441620
995.512000,0.01833141
995.520000,0.01833141
995.528000,0.03658580
995.536000,0.03050100
995.544000,0.03658580
995.552000,0.02441620
995.560000,0.03658580
995.568000,0.01833141
995.576000,0.01216959
995.584000,0.02441620
995.592000,0.00608480
995.600000,0.01216959
995.608000,0.01833141
995.616000,0.02441620
995.624000,0.03050100
995.632000,0.00608480
995.640000,0.03050100
995.648000,0.02441620
995.656000,0.02441620
995.664000,0.03050100
995.672000,0.01216959
995.680000,0.01216959
995.688000,0.00608480
995.696000,0.01216959
995.704000,0.01216959
995.712000,0.01216959
995.720000,0.01833141
995.728000,0.02441620
995.736000,0.03050100
995.744000,0.03050100
995.752000,0.01833141
995.760000,0.00608480
995.768000,0.01216959
995.776000,0.03050100
995.784000,0.02441620
995.792000,0.00000000
995.800000,0.01216959
995.808000,0.00608480
995.816000,0.02441620
995.824000,0.02441620
995.832000,0.03050100
995.840000,0.03050100
995.848000,0.01833141
995.856000,0.02441620
995.864000,0.03050100
995.872000,0.01216959
995.880000,0.02441620
995.888000,0.00608480
995.896000,0.01833141
995.904000,0.02441620
995.912000,0.00608480
995.920000,0.01216959
995.928000,0.01833141
995.936000,0.02441620
995.944000,0.02441620
995.952000,0.02441620
995.960000,0.03658580
995.968000,0.02441620
995.976000,0.00608480
995.984000,0.02441620
995.992000,0.01833141
996.000000,0.01833141
996.008000,0.00608480
996.016000,0.01216959
996.024000,0.01833141
996.032000,0.01833141
996.040000,0.03658580
996.048000,0.03050100
996.056000,0.03658580
996.064000,0.03050100
996.072000,0.03050100
996.080000,0.04274761
996.088000,0.01216959
996.096000,0.02441620
996.104000,0.01216959
996.112000,0.00608480
996.120000,0.01833141
996.128000,0.00608480
996.136000,0.01833141
996.144000,0.02441620
996.152000,0.01833141
996.160000,0.03658580
996.168000,0.02441620
996.176000,0.03050100
996.184000,0.02441620
996.192000,0.01833141
996.200000,0.02441620
996.208000,0.00608480
996.216000,0.00608480
996.224000,0.01216959
996.232000,0.01833141
996.240000,0.01833141
996.248000,0.01833141
996.256000,0.02441620
996.264000,0.01216959
996.272000,0.03050100
996.280000,0.03050100
996.288000,0.02441620
996.296000,0.03050100
996.304000,0.02441620
996.312000,0.01216959
996.320000,0.00000000
996.328000,0.01216959
996.336000,0.01833141
996.344000,0.01216959
996.352000,0.01833141
996.360000,0.03658580
996.368000,0.02441620
996.376000,0.03050100
996.384000,0.01833141
996.392000,0.02441620
996.400000,0.03658580
996.408000,0.01216959
996.416000,0.01833141
996.424000,0.00608480
996.432000,0.01833141
996.440000,0.01833141
996.448000,-0.00608480
996.456000,0.02441620
996.464000,0.02441620
996.472000,0.01833141
996.480000,0.02441620
996.488000,0.02441620
996.496000,0.04274761
996.504000,0.02441620
996.512000,0.03050100
996.520000,0.03050100
996.528000,0.01216959
996.536000,0.03050100
996.544000,0.01216959
996.552000,0.01833141
996.560000,0.02441620
996.568000,0.03050100
996.576000,0.04274761
996.584000,0.02441620
996.592000,0.02441620
996.600000,0.03050100
996.608000,0.02441620
996.616000,0.02441620
996.624000,0.01216959
996.632000,0.01833141
996.640000,0.01216959
996.648000,0.01216959
996.656000,0.02441620
996.664000,0.01216959
996.672000,0.02441620
996.680000,0.03050100
996.688000,0.03658580
996.696000,0.03658580
996.704000,0.01833141
996.712000,0.02441620
996.720000,0.01833141
996.728000,0.01216959
996.736000,0.03050100
996.744000,0.01216959
996.752000,0.00608480
996.760000,0.01216959
996.768000,0.01833141
996.776000,0.03050100
996.784000,0.01833141
996.792000,0.01216959
996.800000,0.02441620
996.808000,0.03050100
996.816000,0.03658580
996.824000,0.01833141
996.832000,0.02441620
996.840000,0.00608480
996.848000,0.01833141
996.856000,0.02441620
996.864000,0.01833141
996.872000,0.02441620
996.880000,0.01216959
996.888000,0.03050100
996.896000,0.03658580
996.904000,0.02441620
996.912000,0.03050100
996.920000,0.03050100
996.928000,0.03050100
996.936000,0.02441620
996.944000,0.00608480
996.952000,0.01216959
996.960000,0.01216959
996.968000,0.01216959
996.976000,0.01833141
996.984000,0.02441620
996.992000,0.03050100
997.000000,0.02441620
997.008000,0.00608480
997.016000,0.03050100
997.024000,0.01833141
997.032000,0.02441620
997.040000,0.00608480
997.048000,0.01833141
997.056000,0.02441620
997.064000,-0.01224661
997.072000,0.02441620
997.080000,0.01833141
997.088000,0.02441620
997.096000,0.01833141
997.104000,0.01833141
997.112000,0.03050100
997.120000,0.03050100
997.128000,0.03050100
997.136000,0.02441620
997.144000,0.01833141
997.152000,0.03050100
997.160000,0.01216959
997.168000,0.01216959
997.176000,0.01833141
997.184000,0.01833141
997.192000,0.03050100
997.200000,0.01833141
997.208000,0.03658580
997.216000,0.03050100
997.224000,0.01833141
997.232000,0.03050100
997.240000,0.03050100
997.248000,0.01216959
997.256000,0.01216959
997.264000,0.02441620
997.272000,0.02441620
997.280000,-0.00608480
997.288000,0.01216959
997.296000,0.01833141
997.304000,0.02441620
997.312000,0.03050100
997.320000,0.03050100
997.328000,0.03658580
997.336000,0.02441620
997.344000,0.02441620
997.352000,0.02441620
997.360000,0.01833141
997.368000,0.01216959
997.376000,0.01216959
997.384000,0.01216959
997.392000,0.02441620
997.400000,0.01833141
997.408000,0.01216959
997.416000,0.01216959
997.424000,0.03050100
997.432000,0.03050100
997.440000,0.02441620
997.448000,0.02441620
997.456000,0.01216959
997.464000,0.02441620
997.472000,0.01216959
997.480000,0.00608480
997.488000,0.01833141
997.496000,0.01833141
997.504000,0.01833141
997.512000,0.03050100
997.520000,0.02441620
997.528000,0.03050100
997.536000,0.03050100
997.544000,0.02441620
997.552000,0.03658580
997.560000,0.01833141
997.568000,0.01833141
997.576000,0.00608480
997.584000,0.01833141
997.592000,0.01833141
997.600000,0.00608480
997.608000,0.03658580
997.616000,0.01833141
997.624000,0.00608480
997.632000,0.02441620
997.640000,0.01833141
997.648000,0.03050100
997.656000,0.01833141
997.664000,0.01833141
997.672000,0.02441620
997.680000,0.01216959
997.688000,0.02441620
997.696000,0.00608480
997.704000,0.01833141
997.712000,0.01216959
997.720000,0.01833141
997.728000,0.02441620
997.736000,0.02441620
997.744000,0.03050100
997.752000,0.00000000
997.760000,0.02441620
997.768000,0.03658580
997.776000,0.01216959
997.784000,0.02441620
997.792000,0.01216959
997.800000,0.00608480
997.808000,0.02441620
997.816000,0.02441620
997.824000,0.02441620
997.832000,0.02441620
997.840000,0.02441620
997.848000,0.03050100
997.856000,0.01216959
997.864000,0.02441620
997.872000,0.03050100
997.880000,0.01833141
997.888000,0.01833141
997.896000,0.00608480
997.904000,0.01833141
997.912000,0.00608480
997.920000,0.01833141
997.928000,0.03050100
997.936000,0.01833141
997.944000,0.02441620
997.952000,0.01833141
997.960000,0.03050100
997.968000,0.02441620
997.976000,0.01833141
997.984000,0.02441620
997.992000,0.00608480
998.000000,0.01216959
998.008000,0.02441620
998.016000,0.01216959
998.024000,0.01833141
998.032000,0.01216959
998.040000,0.03658580
998.048000,0.03658580
998.056000,0.02441620
998.064000,0.03050100
998.072000,0.02441620
998.080000,0.01833141
998.088000,0.02441620
998.096000,0.00000000
998.104000,0.01833141
998.112000,0.01833141
998.120000,0.01833141
998.128000,0.01216959
998.136000,0.01833141
998.144000,0.01833141
998.152000,0.02441620
998.160000,0.03658580
998.168000,0.03658580
998.176000,0.01833141
998.184000,0.02441620
998.192000,0.01216959
998.200000,0.01833141
998.208000,0.02441620
998.216000,0.00608480
998.224000,0.02441620
998.232000,0.01216959
998.240000,0.01833141
998.248000,0.03050100
998.256000,0.01833141
998.264000,0.03050100
998.272000,0.02441620
998.280000,0.03050100
998.288000,0.03050100
998.296000,0.02441620
998.304000,0.02441620
998.312000,0.00608480
998.320000,0.02441620
998.328000,0.02441620
998.336000,0.01833141
998.344000,0.03050100
998.352000,0.01833141
998.360000,0.03050100
998.368000,0.01216959
998.376000,0.01833141
998.384000,0.03658580
998.392000,0.01216959
998.400000,0.01216959
998.408000,0.01216959
998.416000,0.01833141
998.424000,0.03050100
998.432000,0.01216959
998.440000,0.01833141
998.448000,0.01833141
998.456000,0.03050100
998.464000,0.03050100
998.472000,0.01833141
998.480000,0.03050100
998.488000,0.01833141
998.496000,0.02441620
998.504000,0.02441620
998.512000,0.01833141
998.520000,0.01216959
998.528000,0.00608480
998.536000,0.02441620
998.544000,0.02441620
998.552000,0.01216959
998.560000,0.02441620
998.568000,0.03050100
998.576000,0.03050100
998.584000,0.01833141
998.592000,0.01833141
998.600000,0.03050100
998.608000,0.01216959
998.616000,0.01833141
998.624000,0.01833141
998.632000,0.00608480
998.640000,0.02441620
998.648000,0.01216959
998.656000,0.02441620
998.664000,0.02441620
998.672000,0.01216959
998.680000,0.02441620
998.688000,0.02441620
998.696000,0.02441620
998.704000,0.02441620
998.712000,0.01216959
998.720000,0.03050100
998.728000,0.02441620
998.736000,0.03050100
998.744000,0.00608480
998.752000,0.02441620
998.760000,0.02441620
998.768000,0.01833141
998.776000,0.02441620
998.784000,0.00608480
998.792000,0.02441620
998.800000,0.03050100
998.808000,0.02441620
998.816000,0.01833141
998.824000,0.01833141
998.832000,0.01833141
998.840000,0.02441620
998.848000,0.01216959
998.856000,0.03050100
998.864000,0.01833141
998.872000,0.01833141
998.880000,0.03050100
998.888000,0.02441620
998.896000,0.03050100
998.904000,0.01833141
998.912000,0.03050100
998.920000,0.02441620
998.928000,0.00608480
998.936000,0.01833141
998.944000,0.01216959
998.952000,0.02441620
998.960000,0.03050100
998.968000,0.02441620
998.976000,0.02441620
998.984000,0.02441620
998.992000,0.01833141
999.000000,0.02441620
999.008000,0.02441620
999.016000,0.02441620
999.024000,0.01216959
999.032000,0.01216959
999.040000,0.02441620
999.048000,0.02441620
999.056000,0.00000000
999.064000,0.01216959
999.072000,0.03658580
999.080000,0.02441620
999.088000,0.01216959
999.096000,0.02441620
999.104000,0.00608480
999.112000,0.02441620
999.120000,0.02441620
999.128000,0.03050100
999.136000,0.02441620
999.144000,0.01833141
999.152000,0.02441620
999.160000,0.01216959
999.168000,0.01833141
999.176000,0.03658580
999.184000,0.01833141
999.192000,0.03050100
999.200000,0.03050100
999.208000,0.01833141
999.216000,0.02441620
999.224000,0.01833141
999.232000,0.02441620
999.240000,0.03050100
999.248000,0.02441620
999.256000,0.02441620
999.264000,0.01216959
999.272000,0.00000000
999.280000,0.01833141
999.288000,0.01833141
999.296000,0.03050100
999.304000,0.01833141
999.312000,0.03050100
999.320000,0.02441620
999.328000,0.02441620
999.336000,0.03050100
999.344000,0.01833141
999.352000,0.02441620
999.360000,0.01833141
999.368000,0.01833141
999.376000,0.02441620
999.384000,0.01833141
999.392000,0.01833141
999.400000,0.00000000
999.408000,0.03050100
999.416000,0.03658580
999.424000,0.00608480
999.432000,0.02441620
999.440000,0.02441620
999.448000,0.01833141
999.456000,0.03050100
999.464000,0.01833141
999.472000,0.02441620
999.480000,0.01216959
999.488000,0.01833141
999.496000,0.03050100
999.504000,0.01833141
999.512000,0.02441620
999.520000,0.01833141
999.528000,0.03050100
999.536000,0.02441620
999.544000,0.01833141
999.552000,0.01833141
999.560000,0.01833141
999.568000,0.01833141
999.576000,0.03658580
999.584000,0.01833141
999.592000,0.02441620
999.600000,0.03050100
999.608000,0.02441620
999.616000,0.01216959
999.624000,0.02441620
999.632000,0.02441620
999.640000,0.01216959
999.648000,0.02441620
999.656000,0.02441620
999.664000,0.01833141
999.672000,0.02441620
999.680000,0.01216959
999.688000,0.03050100
999.696000,0.03050100
999.704000,0.01833141
999.712000,0.02441620
999.720000,0.00608480
999.728000,0.03050100
999.736000,0.02441620
999.744000,0.00000000
999.752000,0.03050100
999.760000,0.02441620
999.768000,0.03050100
999.776000,0.02441620
999.784000,0.00608480
999.792000,0.02441620
999.800000,0.01216959
999.808000,0.01833141
999.816000,0.03050100
999.824000,0.02441620
999.832000,0.02441620
999.840000,0.01833141
999.848000,0.02441620
999.856000,0.01216959
999.864000,0.01833141
999.872000,0.02441620
999.880000,0.01833141
999.888000,0.01833141
999.896000,0.01833141
999.904000,0.02441620
999.912000,0.03050100
999.920000,0.01833141
999.928000,0.01833141
999.936000,0.01833141
999.944000,0.02441620
999.952000,0.03050100
999.960000,0.01833141
999.968000,0.01833141
999.976000,0.01833141
999.984000,0.01833141
999.992000,0.07933341
1000.000000,0.09766482
1000.008000,0.10983441
1000.016000,3.32029574
1000.024000,4.63869376
1000.032000,4.88277879
1000.040000,4.96218922
1000.048000,4.99269022
1000.056000,4.98660542
1000.064000,4.99269022
1000.072000,4.99877502
1000.080000,4.99269022
1000.088000,4.98660542
1000.096000,4.99877502
1000.104000,4.99877502
1000.112000,5.01102163
1000.120000,4.99269022
1000.128000,4.99877502
1000.136000,4.99877502
1000.144000,5.00485981
1000.152000,5.00485981
1000.160000,5.01102163
1000.168000,5.00485981
1000.176000,4.98660542
1000.184000,5.01102163
1000.192000,5.01102163
1000.200000,4.99877502
1000.208000,5.00485981
1000.216000,5.00485981
1000.224000,4.99877502
1000.232000,4.99269022
1000.240000,4.99269022
1000.248000,5.00485981
1000.256000,4.99877502
1000.264000,4.99877502
1000.272000,5.00485981
1000.280000,4.99877502
1000.288000,5.01102163
1000.296000,4.98660542
1000.304000,4.98660542
1000.312000,5.01102163
1000.320000,5.01102163
1000.328000,5.01102163
1000.336000,5.00485981
1000.344000,5.00485981
1000.352000,5.00485981
1000.360000,4.98044361
1000.368000,5.00485981
1000.376000,5.01102163
1000.384000,5.00485981
1000.392000,4.99877502
1000.400000,4.99877502
1000.408000,5.01102163
1000.416000,4.99877502
1000.424000,4.99877502
1000.432000,5.00485981
1000.440000,4.99877502
1000.448000,5.00485981
1000.456000,4.98660542
1000.464000,5.00485981
1000.472000,4.99269022
1000.480000,4.99269022
1000.488000,5.01710642
1000.496000,4.99269022
1000.504000,5.01102163
1000.512000,5.00485981
1000.520000,4.99877502
1000.528000,5.01102163
1000.536000,5.00485981
1000.544000,5.01102163
1000.552000,4.99877502
1000.560000,5.00485981
1000.568000,5.01102163
1000.576000,4.98044361
1000.584000,5.00485981
1000.592000,4.99269022
1000.600000,4.99877502
1000.608000,5.01102163
1000.616000,5.00485981
1000.624000,5.00485981
1000.632000,4.99877502
1000.640000,5.00485981
1000.648000,5.02319122
1000.656000,4.99877502
1000.664000,5.00485981
1000.672000,4.99877502
1000.680000,5.00485981
1000.688000,5.00485981
1000.696000,4.99269022
1000.704000,4.99877502
1000.712000,5.00485981
1000.720000,5.00485981
1000.728000,5.01102163
1000.736000,4.99877502
1000.744000,5.00485981
1000.752000,4.99269022
1000.760000,5.01102163
1000.768000,4.99877502
1000.776000,4.99269022
1000.784000,5.01102163
1000.792000,4.99269022
1000.800000,4.99877502
1000.808000,4.99877502
1000.816000,4.99269022
1000.824000,5.01102163
1000.832000,5.00485981
1000.840000,5.00485981
1000.848000,5.01102163
1000.856000,5.00485981
1000.864000,5.00485981
1000.872000,5.00485981
1000.880000,4.99877502
1000.888000,5.00485981
1000.896000,4.99269022
1000.904000,5.01710642
1000.912000,4.99269022
1000.920000,4.97435881
1000.928000,4.99877502
1000.936000,4.99877502
1000.944000,5.01710642
1000.952000,4.99269022
1000.960000,5.01102163
1000.968000,5.00485981
1000.976000,4.99269022
1000.984000,5.01710642
1000.992000,4.99877502
1001.000000,4.99877502
1001.008000,4.99269022
1001.016000,1.45873344
1001.024000,0.36624307
1001.032000,0.15866682
1001.040000,0.06716382
1001.048000,0.00608480
1001.056000,0.04274761
1001.064000,0.04883241
1001.072000,0.03050100
1001.080000,0.02441620
1001.088000,0.01833141
1001.096000,0.02441620
1001.104000,0.03658580
1001.112000,0.01833141
1001.120000,0.03658580
1001.128000,0.02441620
1001.136000,0.03050100
1001.144000,0.03658580
1001.152000,0.03050100
1001.160000,0.03658580
1001.168000,0.02441620
1001.176000,0.03658580
1001.184000,0.03050100
1001.192000,0.01833141
1001.200000,0.01833141
1001.208000,0.00608480
1001.216000,0.02441620
1001.224000,0.03050100
1001.232000,0.02441620
1001.240000,0.03050100
1001.248000,0.03658580
1001.256000,0.03050100
1001.264000,0.03050100
1001.272000,0.02441620
1001.280000,0.03658580
1001.288000,0.02441620
1001.296000,0.02441620
1001.304000,0.02441620
1001.312000,0.01833141
1001.320000,0.03050100
1001.328000,0.01833141
1001.336000,0.03050100
1001.344000,0.03050100
1001.352000,0.01833141
1001.360000,0.03658580
1001.368000,0.02441620
1001.376000,0.02441620
1001.384000,0.03050100
1001.392000,0.00000000
1001.400000,0.03050100
1001.408000,0.01833141
1001.416000,0.01833141
1001.424000,0.01833141
1001.432000,0.01833141
1001.440000,0.03050100
1001.448000,0.02441620
1001.456000,0.03050100
1001.464000,0.03658580
1001.472000,0.03050100
1001.480000,0.03050100
1001.488000,0.02441620
1001.496000,0.02441620
1001.504000,0.03050100
1001.512000,0.02441620
1001.520000,0.03658580
1001.528000,0.01216959
1001.536000,0.01833141
1001.544000,0.03050100
1001.552000,0.02441620
1001.560000,0.03658580
1001.568000,0.03050100
1001.576000,0.02441620
1001.584000,0.02441620
1001.592000,0.02441620
1001.600000,0.03658580
1001.608000,0.00608480
1001.616000,0.02441620
1001.624000,0.01216959
1001.632000,0.02441620
1001.640000,0.02441620
1001.648000,0.01216959
1001.656000,0.02441620
1001.664000,0.01216959
1001.672000,0.02441620
1001.680000,0.03658580
1001.688000,0.01833141
1001.696000,0.02441620
1001.704000,0.01833141
1001.712000,0.01216959
1001.720000,0.01833141
1001.728000,0.00608480
1001.736000,0.02441620
1001.744000,0.01833141
1001.752000,0.03050100
1001.760000,0.03050100
1001.768000,0.01216959
1001.776000,0.02441620
1001.784000,0.01216959
1001.792000,0.02441620
1001.800000,0.03050100
1001.808000,0.02441620
1001.816000,0.02441620
1001.824000,0.00608480
1001.832000,0.01833141
1001.840000,0.01833141
1001.848000,0.01216959
1001.856000,0.03050100
1001.864000,0.02441620
1001.872000,0.01833141
1001.880000,0.01833141
1001.888000,0.01833141
1001.896000,0.03658580
1001.904000,0.02441620
1001.912000,0.03050100
1001.920000,0.02441620
1001.928000,0.00000000
1001.936000,0.02441620
1001.944000,0.01833141
1001.952000,0.01833141
1001.960000,0.01833141
1001.968000,0.01833141
1001.976000,0.03050100
1001.984000,0.02441620
1001.992000,0.02441620
1002.000000,0.02441620
1002.008000,0.01216959
1002.016000,0.03050100
1002.024000,0.02441620
1002.032000,0.02441620
1002.040000,0.01216959
1002.048000,0.01216959
1002.056000,0.01833141
1002.064000,0.01216959
1002.072000,0.02441620
1002.080000,0.00000000
1002.088000,0.02441620
1002.096000,0.03658580
1002.104000,0.01833141
1002.112000,0.01833141
1002.120000,0.01833141
1002.128000,0.01833141
1002.136000,0.02441620
1002.144000,0.01216959
1002.152000,0.02441620
1002.160000,0.01216959
1002.168000,0.01216959
1002.176000,0.03050100
1002.184000,0.02441620
1002.192000,0.03658580
1002.200000,0.01833141
1002.208000,0.03050100
1002.216000,0.03050100
1002.224000,0.00608480
1002.232000,0.02441620
1002.240000,0.00608480
1002.248000,0.01833141
1002.256000,0.01216959
1002.264000,0.00608480
1002.272000,0.02441620
1002.280000,0.01216959
1002.288000,0.02441620
1002.296000,0.01833141
1002.304000,0.01833141
1002.312000,0.02441620
1002.320000,0.02441620
1002.328000,0.01833141
1002.336000,0.03050100
1002.344000,0.00608480
1002.352000,-0.00608480
1002.360000,0.00608480
1002.368000,0.02441620
1002.376000,0.02441620
1002.384000,0.01216959
1002.392000,0.03050100
1002.400000,0.01833141
1002.408000,0.03050100
1002.416000,0.02441620
1002.424000,0.02441620
1002.432000,0.03050100
1002.440000,0.02441620
1002.448000,0.01216959
1002.456000,0.01216959
1002.464000,0.00000000
1002.472000,0.01833141
1002.480000,0.01216959
1002.488000,0.01216959
1002.496000,0.03050100
1002.504000,0.01833141
1002.512000,0.02441620
1002.520000,0.02441620
1002.528000,0.03050100
1002.536000,0.02441620
1002.544000,0.01833141
1002.552000,0.03658580
1002.560000,0.01216959
1002.568000,0.00000000
1002.576000,0.00608480
1002.584000,0.01833141
1002.592000,0.02441620
1002.600000,0.01833141
1002.608000,0.02441620
1002.616000,0.03050100
1002.624000,0.03658580
1002.632000,0.04274761
1002.640000,0.01833141
1002.648000,0.02441620
1002.656000,0.01216959
1002.664000,0.01216959
1002.672000,0.01833141
1002.680000,0.00608480
1002.688000,0.00608480
1002.696000,0.01216959
1002.704000,0.02441620
1002.712000,0.04274761
1002.720000,0.01833141
1002.728000,0.03050100
1002.736000,0.01833141
1002.744000,0.01833141
1002.752000,0.02441620
1002.760000,0.01216959
1002.768000,0.00000000
1002.776000,0.01216959
1002.784000,0.01216959
1002.792000,0.01833141
1002.800000,0.00608480
1002.808000,0.01216959
1002.816000,0.01833141
1002.824000,0.03050100
1002.832000,0.03050100
1002.840000,0.03050100
1002.848000,0.03050100
1002.856000,0.00608480
1002.864000,0.01833141
1002.872000,0.02441620
1002.880000,0.01216959
1002.888000,0.01216959
1002.896000,0.01216959
1002.904000,0.02441620
1002.912000,0.01216959
1002.920000,0.02441620
1002.928000,0.02441620
1002.936000,0.03050100
1002.944000,0.03050100
1002.952000,0.03050100
1002.960000,0.02441620
1002.968000,0.02441620
1002.976000,0.00608480
1002.984000,-0.01224661
1002.992000,0.02441620
1003.000000,0.00608480
1003.008000,0.01833141
1003.016000,0.01216959
1003.024000,0.01833141
1003.032000,0.02441620
1003.040000,0.00608480
1003.048000,0.03658580
1003.056000,0.03050100
1003.064000,0.01833141
1003.072000,0.01833141
1003.080000,0.01216959
1003.088000,0.01833141
1003.096000,0.00000000
1003.104000,0.01833141
1003.112000,0.01216959
1003.120000,0.01833141
1003.128000,0.03658580
1003.136000,0.03050100
1003.144000,0.02441620
1003.152000,0.02441620
1003.160000,0.02441620
1003.168000,0.03658580
1003.176000,0.00000000
1003.184000,0.02441620
1003.192000,0.00000000
1003.200000,0.00608480
1003.208000,0.01833141
1003.216000,0.00608480
1003.224000,0.02441620
1003.232000,0.01833141
1003.240000,0.03050100
1003.248000,0.03658580
1003.256000,0.01833141
1003.264000,0.02441620
1003.272000,0.01833141
1003.280000,0.02441620
1003.288000,0.02441620
1003.296000,0.01216959
1003.304000,0.01216959
1003.312000,0.01216959
1003.320000,0.01216959
1003.328000,0.01833141
1003.336000,0.01833141
1003.344000,0.02441620
1003.352000,0.01216959
1003.360000,0.02441620
1003.368000,0.03050100
1003.376000,0.01833141
1003.384000,0.01216959
1003.392000,0.01216959
1003.400000,0.01833141
1003.408000,0.01833141
1003.416000,0.00000000
1003.424000,0.01833141
1003.432000,0.00608480
1003.440000,0.01833141
1003.448000,0.02441620
1003.456000,0.01216959
1003.464000,0.03050100
1003.472000,0.02441620
1003.480000,0.02441620
1003.488000,0.01833141
1003.496000,0.00000000
1003.504000,0.01216959
1003.512000,0.00608480
1003.520000,0.00608480
1003.528000,0.02441620
1003.536000,0.01216959
1003.544000,0.02441620
1003.552000,0.01216959
1003.560000,0.03050100
1003.568000,0.03050100
1003.576000,0.01833141
1003.584000,0.03050100
1003.592000,0.01216959
1003.600000,-0.00608480
1003.608000,0.01216959
1003.616000,0.00608480
1003.624000,0.01833141
1003.632000,0.00608480
1003.640000,0.01833141
1003.648000,0.01833141
1003.656000,0.01833141
1003.664000,0.03658580
1003.672000,0.03050100
1003.680000,0.03050100
1003.688000,0.01833141
1003.696000,0.01833141
1003.704000,0.01216959
1003.712000,0.01833141
1003.720000,0.01216959
1003.728000,-0.01224661
1003.736000,0.01216959
1003.744000,0.03658580
1003.752000,0.01833141
1003.760000,0.02441620
1003.768000,0.03050100
1003.776000,0.02441620
1003.784000,0.03050100
1003.792000,0.01216959
1003.800000,0.04274761
1003.808000,0.01833141
1003.816000,0.01216959
1003.824000,0.01216959
1003.832000,0.00608480
1003.840000,0.01833141
1003.848000,0.00608480
1003.856000,0.02441620
1003.864000,0.03050100
1003.872000,0.01216959
1003.880000,0.02441620
1003.888000,0.01216959
1003.896000,0.02441620
1003.904000,0.03050100
1003.912000,0.01833141
1003.920000,0.02441620
1003.928000,0.00608480
1003.936000,0.01216959
1003.944000,0.01216959
1003.952000,0.01833141
1003.960000,0.01833141
1003.968000,0.02441620
1003.976000,0.02441620
1003.984000,0.03658580
1003.992000,0.03050100
1004.000000,0.03050100
1004.008000,0.02441620
1004.016000,0.02441620
1004.024000,0.01833141
1004.032000,0.00000000
1004.040000,0.01833141
1004.048000,0.00000000
1004.056000,0.01833141
1004.064000,0.02441620
1004.072000,0.00608480
1004.080000,0.03050100
1004.088000,0.03050100
1004.096000,0.03050100
1004.104000,0.02441620
1004.112000,0.02441620
1004.120000,0.02441620
1004.128000,0.00608480
1004.136000,0.01216959
1004.144000,0.02441620
1004.152000,0.01216959
1004.160000,0.01216959
1004.168000,0.01216959
1004.176000,0.02441620
1004.184000,0.03050100
1004.192000,0.03050100
1004.200000,0.04274761
1004.208000,0.02441620
1004.216000,0.01216959
1004.224000,0.00608480
1004.232000,0.01833141
1004.240000,0.02441620
1004.248000,0.00000000
1004.256000,0.01216959
1004.264000,0.01216959
1004.272000,0.02441620
1004.280000,0.03050100
1004.288000,0.01216959
1004.296000,0.03050100
1004.304000,0.02441620
1004.312000,0.01833141
1004.320000,0.03050100
1004.328000,0.01833141
1004.336000,0.01216959
1004.344000,-0.01224661
1004.352000,0.00608480
1004.360000,0.03050100
1004.368000,0.00608480
1004.376000,0.02441620
1004.384000,0.01833141
1004.392000,0.03050100
1004.400000,0.03658580
1004.408000,0.01216959
1004.416000,0.03658580
1004.424000,0.01833141
1004.432000,0.01833141
1004.440000,0.02441620
1004.448000,0.01216959
1004.456000,0.01216959
1004.464000,0.01216959
1004.472000,0.01833141
1004.480000,0.01833141
1004.488000,0.01833141
1004.496000,0.03050100
1004.504000,0.01833141
1004.512000,0.02441620
1004.520000,0.03050100
1004.528000,0.01833141
1004.536000,0.01833141
1004.544000,0.01216959
1004.552000,0.01216959
1004.560000,0.00000000
1004.568000,0.00608480
1004.576000,0.01833141
1004.584000,0.01216959
1004.592000,0.02441620
1004.600000,0.02441620
1004.608000,0.01833141
1004.616000,0.03658580
1004.624000,0.01833141
1004.632000,0.03050100
1004.640000,0.03050100
1004.648000,0.01833141
1004.656000,0.01833141
1004.664000,0.00000000
1004.672000,0.01216959
1004.680000,0.01833141
1004.688000,-0.00608480
1004.696000,0.03050100
1004.704000,0.03050100
1004.712000,0.02441620
1004.720000,0.02441620
1004.728000,0.03050100
1004.736000,0.03050100
1004.744000,0.01833141
1004.752000,0.02441620
1004.760000,0.01833141
1004.768000,0.01216959
1004.776000,0.02441620
1004.784000,0.00000000
1004.792000,0.03050100
1004.800000,0.01216959
1004.808000,0.02441620
1004.816000,0.04274761
1004.824000,0.02441620
1004.832000,0.03658580
1004.840000,0.02441620
1004.848000,0.02441620
1004.856000,0.02441620
1004.864000,0.00608480
1004.872000,0.02441620
1004.880000,0.00608480
1004.888000,0.02441620
1004.896000,0.01833141
1004.904000,0.00608480
1004.912000,0.02441620
1004.920000,0.01216959
1004.928000,0.03050100
1004.936000,0.03050100
1004.944000,0.01216959
1004.952000,0.02441620
1004.960000,0.01216959
1004.968000,0.01216959
1004.976000,0.01216959
1004.984000,0.00000000
1004.992000,0.00608480
1005.000000,0.00608480
1005.008000,0.01833141
1005.016000,0.02441620
1005.024000,0.01216959
1005.032000,0.01833141
1005.040000,0.01833141
1005.048000,0.03050100
1005.056000,0.02441620
1005.064000,0.01216959
1005.072000,0.02441620
1005.080000,0.00000000
1005.088000,0.01216959
1005.096000,0.01216959
1005.104000,0.03050100
1005.112000,0.03050100
1005.120000,0.01216959
1005.128000,0.03050100
1005.136000,0.02441620
1005.144000,0.03050100
1005.152000,0.02441620
1005.160000,0.02441620
1005.168000,0.01833141
1005.176000,0.00000000
1005.184000,0.00000000
1005.192000,0.01216959
1005.200000,0.00608480
1005.208000,0.02441620
1005.216000,0.02441620
1005.224000,0.01833141
1005.232000,0.03050100
1005.240000,0.02441620
1005.248000,0.02441620
1005.256000,0.03658580
1005.264000,0.01833141
1005.272000,0.03050100
1005.280000,0.00608480
1005.288000,0.01216959
1005.296000,0.01216959
1005.304000,0.01216959
1005.312000,0.03050100
1005.320000,0.01833141
1005.328000,0.03050100
1005.336000,0.02441620
1005.344000,0.03050100
1005.352000,0.03658580
1005.360000,0.02441620
1005.368000,0.02441620
1005.376000,-0.00608480
1005.384000,0.01833141
1005.392000,0.02441620
1005.400000,0.00608480
1005.408000,0.01216959
1005.416000,0.00608480
1005.424000,0.01216959
1005.432000,0.03658580
1005.440000,0.01833141
1005.448000,0.04274761
1005.456000,0.02441620
1005.464000,0.03050100
1005.472000,0.02441620
1005.480000,0.01833141
1005.488000,0.01833141
1005.496000,0.00608480
1005.504000,0.01833141
1005.512000,0.01833141
1005.520000,-0.00608480
1005.528000,0.01216959
1005.536000,0.01216959
1005.544000,0.02441620
1005.552000,0.02441620
1005.560000,0.02441620
1005.568000,0.04274761
1005.576000,0.01833141
1005.584000,0.02441620
1005.592000,0.01833141
1005.600000,0.00608480
1005.608000,0.02441620
1005.616000,0.01216959
1005.624000,0.01833141
1005.632000,0.01216959
1005.640000,0.01216959
1005.648000,0.00608480
1005.656000,0.03050100
1005.664000,0.04274761
1005.672000,0.03050100
1005.680000,0.02441620
1005.688000,0.03050100
1005.696000,0.01216959
1005.704000,0.01216959
1005.712000,0.01216959
1005.720000,0.02441620
1005.728000,0.01216959
1005.736000,0.01216959
1005.744000,0.01833141
1005.752000,0.02441620
1005.760000,0.02441620
1005.768000,0.03658580
1005.776000,0.03050100
1005.784000,0.01833141
1005.792000,0.01833141
1005.800000,0.02441620
1005.808000,0.02441620
1005.816000,0.00608480
1005.824000,0.01216959
1005.832000,0.00608480
1005.840000,0.01216959
1005.848000,0.02441620
1005.856000,0.01833141
1005.864000,0.00608480
1005.872000,0.01833141
1005.880000,0.03050100
1005.888000,0.03658580
1005.896000,0.00608480
1005.904000,0.01216959
1005.912000,0.00608480
1005.920000,0.01833141
1005.928000,0.01833141
1005.936000,0.00608480
1005.944000,0.02441620
1005.952000,0.01216959
1005.960000,0.01833141
1005.968000,0.03050100
1005.976000,0.02441620
1005.984000,0.03050100
1005.992000,0.00000000
1006.000000,0.01833141
1006.008000,0.03050100
1006.016000,0.00608480
1006.024000,0.01216959
1006.032000,0.00608480
1006.040000,0.01216959
1006.048000,0.02441620
1006.056000,0.01833141
1006.064000,0.03050100
1006.072000,0.01216959
1006.080000,0.03050100
1006.088000,0.03658580
1006.096000,0.02441620
1006.104000,0.03050100
1006.112000,0.01216959
1006.120000,0.02441620
1006.128000,0.01216959
1006.136000,0.00608480
1006.144000,0.02441620
1006.152000,0.01216959
1006.160000,0.01833141
1006.168000,0.03050100
1006.176000,0.03050100
1006.184000,0.03050100
1006.192000,0.03050100
1006.200000,0.03050100
1006.208000,0.01833141
1006.216000,0.01833141
1006.224000,0.01833141
1006.232000,0.01216959
1006.240000,0.01216959
1006.248000,0.01216959
1006.256000,0.00608480
1006.264000,0.02441620
1006.272000,0.01833141
1006.280000,0.03658580
1006.288000,0.02441620
1006.296000,0.02441620
1006.304000,0.03658580
1006.312000,0.01833141
1006.320000,0.01833141
1006.328000,0.01216959
1006.336000,0.00000000
1006.344000,0.01833141
1006.352000,0.01216959
1006.360000,0.01216959
1006.368000,0.01216959
1006.376000,0.01833141
1006.384000,0.03658580
1006.392000,0.01216959
1006.400000,0.02441620
1006.408000,0.03050100
1006.416000,0.02441620
1006.424000,0.02441620
1006.432000,0.01833141
1006.440000,0.01216959
1006.448000,0.00608480
1006.456000,0.00608480
1006.464000,0.02441620
1006.472000,0.01833141
1006.480000,0.00608480
1006.488000,0.01216959
1006.496000,0.03050100
1006.504000,0.04274761
1006.512000,0.01833141
1006.520000,0.01833141
1006.528000,0.01833141
1006.536000,0.01833141
1006.544000,0.01833141
1006.552000,0.00000000
1006.560000,0.01833141
1006.568000,0.00000000
1006.576000,0.01216959
1006.584000,0.02441620
1006.592000,0.01216959
1006.600000,0.03050100
1006.608000,0.01833141
1006.616000,0.03658580
1006.624000,0.03050100
1006.632000,0.01216959
1006.640000,0.02441620
1006.648000,0.01216959
1006.656000,0.01216959
1006.664000,0.01216959
1006.672000,0.00608480
1006.680000,0.00608480
1006.688000,0.00608480
1006.696000,0.01833141
1006.704000,0.03050100
1006.712000,0.02441620
1006.720000,0.03658580
1006.728000,0.02441620
1006.736000,0.02441620
1006.744000,0.01833141
1006.752000,0.02441620
1006.760000,0.02441620
1006.768000,0.00608480
1006.776000,0.01216959
1006.784000,0.02441620
1006.792000,0.01216959
1006.800000,0.03050100
1006.808000,0.02441620
1006.816000,0.02441620
1006.824000,0.01833141
1006.832000,0.02441620
1006.840000,0.02441620
1006.848000,0.00608480
1006.856000,0.01216959
1006.864000,0.01216959
1006.872000,0.00608480
1006.880000,0.01833141
1006.888000,0.01216959
1006.896000,0.01216959
1006.904000,0.01833141
1006.912000,0.01833141
1006.920000,0.03050100
1006.928000,0.03050100
1006.936000,0.03050100
1006.944000,0.01833141
1006.952000,-0.00608480
1006.960000,0.03050100
1006.968000,0.03050100
1006.976000,0.01833141
1006.984000,0.00608480
1006.992000,0.01833141
1007.000000,0.02441620
1007.008000,0.01216959
1007.016000,0.02441620
1007.024000,0.03658580
1007.032000,0.03050100
1007.040000,0.01833141
1007.048000,0.01216959
1007.056000,0.01216959
1007.064000,0.01216959
1007.072000,0.01833141
1007.080000,0.01833141
1007.088000,0.01216959
1007.096000,0.01216959
1007.104000,0.01216959
1007.112000,0.01833141
1007.120000,0.02441620
1007.128000,0.01833141
1007.136000,0.02441620
1007.144000,0.01833141
1007.152000,0.03050100
1007.160000,0.02441620
1007.168000,0.00000000
1007.176000,0.02441620
1007.184000,0.00608480
1007.192000,0.01833141
1007.200000,0.01833141
1007.208000,0.00608480
1007.216000,0.03050100
1007.224000,0.01833141
1007.232000,0.02441620
1007.240000,0.03658580
1007.248000,0.01833141
1007.256000,0.02441620
1007.264000,0.01216959
1007.272000,0.01833141
1007.280000,0.01833141
1007.288000,0.00608480
1007.296000,0.00000000
1007.304000,0.01833141
1007.312000,0.02441620
1007.320000,0.00608480
1007.328000,0.01833141
1007.336000,0.03658580
1007.344000,0.02441620
1007.352000,0.02441620
1007.360000,0.01833141
1007.368000,0.03050100
1007.376000,0.02441620
1007.384000,0.01216959
1007.392000,0.00608480
1007.400000,0.01833141
1007.408000,0.01216959
1007.416000,0.02441620
1007.424000,0.02441620
1007.432000,0.03050100
1007.440000,0.02441620
1007.448000,0.03658580
1007.456000,0.03658580
1007.464000,0.01216959
1007.472000,0.02441620
1007.480000,0.01833141
1007.488000,0.01833141
1007.496000,0.03050100
1007.504000,0.01216959
1007.512000,0.00000000
1007.520000,0.01833141
1007.528000,0.02441620
1007.536000,0.03050100
1007.544000,0.01833141
1007.552000,0.01833141
1007.560000,0.01833141
1007.568000,0.01833141
1007.576000,0.02441620
1007.584000,0.00608480
1007.592000,0.01216959
1007.600000,0.00608480
1007.608000,0.01216959
1007.616000,0.02441620
1007.624000,0.01833141
1007.632000,0.02441620
1007.640000,0.00608480
1007.648000,0.03050100
1007.656000,0.04883241
1007.664000,0.02441620
1007.672000,0.02441620
1007.680000,0.02441620
1007.688000,0.02441620
1007.696000,0.02441620
1007.704000,0.01216959
1007.712000,0.03658580
1007.720000,0.01833141
1007.728000,0.01216959
1007.736000,0.01833141
1007.744000,0.01833141
1007.752000,0.03050100
1007.760000,0.02441620
1007.768000,0.03050100
1007.776000,0.02441620
1007.784000,0.00000000
1007.792000,0.02441620
1007.800000,0.01216959
1007.808000,0.01833141
1007.816000,0.01833141
1007.824000,0.02441620
1007.832000,0.02441620
1007.840000,0.02441620
1007.848000,0.02441620
1007.856000,0.03050100
1007.864000,0.03658580
1007.872000,0.03050100
1007.880000,0.02441620
1007.888000,0.01833141
1007.896000,0.01833141
1007.904000,0.01216959
1007.912000,0.02441620
1007.920000,0.01833141
1007.928000,0.01833141
1007.936000,0.01216959
1007.944000,0.01833141
1007.952000,0.03050100
1007.960000,0.01833141
1007.968000,0.02441620
1007.976000,0.02441620
1007.984000,0.00608480
1007.992000,0.02441620
1008.000000,0.01833141
1008.008000,0.01216959
1008.016000,0.01216959
1008.024000,0.01216959
1008.032000,0.01833141
1008.040000,0.01216959
1008.048000,0.01216959
1008.056000,0.02441620
1008.064000,0.03050100
1008.072000,0.02441620
1008.080000,0.02441620
1008.088000,0.03050100
1008.096000,0.02441620
1008.104000,0.01833141
1008.112000,0.01216959
1008.120000,0.01216959
1008.128000,0.00608480
1008.136000,0.01216959
1008.144000,0.01216959
1008.152000,0.02441620
1008.160000,0.02441620
1008.168000,0.03050100
1008.176000,0.02441620
1008.184000,0.03050100
1008.192000,0.03050100
1008.200000,0.00608480
1008.208000,0.03050100
1008.216000,0.01216959
1008.224000,0.01833141
1008.232000,0.01833141
1008.240000,0.00608480
1008.248000,0.02441620
1008.256000,-0.01833141
1008.264000,0.02441620
1008.272000,0.03658580
1008.280000,0.02441620
1008.288000,0.01833141
1008.296000,0.01833141
1008.304000,0.01833141
1008.312000,0.02441620
1008.320000,0.01833141
1008.328000,0.03050100
1008.336000,0.01216959
1008.344000,0.01833141
1008.352000,0.01833141
1008.360000,0.01833141
1008.368000,0.02441620
1008.376000,0.01833141
1008.384000,0.01833141
1008.392000,0.02441620
1008.400000,0.01833141
1008.408000,0.03050100
1008.416000,0.01833141
1008.424000,0.01833141
1008.432000,0.02441620
1008.440000,0.01216959
1008.448000,0.01833141
1008.456000,0.01833141
1008.464000,0.01833141
1008.472000,0.00608480
1008.480000,0.01833141
1008.488000,0.03050100
1008.496000,0.01833141
1008.504000,0.03050100
1008.512000,0.02441620
1008.520000,0.02441620
1008.528000,0.03050100
1008.536000,0.01833141
1008.544000,0.02441620
1008.552000,0.02441620
1008.560000,0.01833141
1008.568000,0.01833141
1008.576000,0.00608480
1008.584000,0.02441620
1008.592000,0.02441620
1008.600000,0.01216959
1008.608000,0.02441620
1008.616000,0.02441620
1008.624000,0.02441620
1008.632000,0.01216959
1008.640000,0.01216959
1008.648000,0.03050100
1008.656000,0.01833141
1008.664000,0.01833141
1008.672000,0.02441620
1008.680000,0.01216959
1008.688000,0.01216959
1008.696000,0.01216959
1008.704000,0.03050100
1008.712000,0.01833141
1008.720000,0.02441620
1008.728000,0.03050100
1008.736000,0.01833141
1008.744000,0.02441620
1008.752000,0.01833141
1008.760000,0.02441620
1008.768000,0.03050100
1008.776000,0.01833141
1008.784000,0.03050100
1008.792000,0.01216959
1008.800000,0.03658580
1008.808000,0.01833141
1008.816000,0.00000000
1008.824000,0.03050100
1008.832000,0.01216959
1008.840000,0.03050100
1008.848000,0.02441620
1008.856000,0.02441620
1008.864000,0.03050100
1008.872000,0.01216959
1008.880000,0.02441620
1008.888000,0.02441620
1008.896000,0.02441620
1008.904000,0.03050100
1008.912000,0.01833141
1008.920000,0.02441620
1008.928000,0.01833141
1008.936000,0.02441620
1008.944000,0.01216959
1008.952000,0.01216959
1008.960000,0.03050100
1008.968000,0.01216959
1008.976000,0.01216959
1008.984000,0.03050100
1008.992000,0.02441620
1009.000000,0.03050100
1009.008000,0.02441620
1009.016000,0.03050100
1009.024000,0.03050100
1009.032000,0.01833141
1009.040000,0.02441620
1009.048000,0.01216959
1009.056000,0.01833141
1009.064000,0.03050100
1009.072000,0.02441620
1009.080000,0.02441620
1009.088000,0.01216959
1009.096000,0.03050100
1009.104000,0.03658580
1009.112000,0.01833141
1009.120000,0.01833141
1009.128000,0.01833141
1009.136000,0.03050100
1009.144000,0.03050100
1009.152000,0.00608480
1009.160000,0.02441620
1009.168000,0.01216959
1009.176000,0.02441620
1009.184000,0.02441620
1009.192000,0.01216959
1009.200000,0.02441620
1009.208000,0.01833141
1009.216000,0.01833141
1009.224000,0.02441620
1009.232000,0.02441620
1009.240000,0.02441620
1009.248000,0.00608480
1009.256000,0.01833141
1009.264000,0.02441620
1009.272000,0.00608480
1009.280000,0.03050100
1009.288000,0.00608480
1009.296000,0.01833141
1009.304000,0.02441620
1009.312000,0.01833141
1009.320000,0.02441620
1009.328000,0.01833141
1009.336000,0.02441620
1009.344000,0.03658580
1009.352000,0.01833141
1009.360000,0.03658580
1009.368000,0.01833141
1009.376000,0.02441620
1009.384000,0.03050100
1009.392000,0.01216959
1009.400000,0.03658580
1009.408000,0.01833141
1009.416000,0.03050100
1009.424000,0.02441620
1009.432000,0.00608480
1009.440000,0.03050100
1009.448000,0.00608480
1009.456000,0.02441620
1009.464000,0.01833141
1009.472000,0.01833141
1009.480000,0.03050100
1009.488000,0.02441620
1009.496000,0.03050100
1009.504000,0.01216959
1009.512000,0.01833141
1009.520000,0.03050100
1009.528000,0.01216959
1009.536000,0.01833141
1009.544000,0.02441620
1009.552000,0.02441620
1009.560000,0.00608480
1009.568000,0.01216959
1009.576000,0.03658580
1009.584000,0.01216959
1009.592000,0.01833141
1009.600000,0.03050100
1009.608000,0.01216959
1009.616000,0.02441620
1009.624000,0.01833141
1009.632000,0.03050100
1009.640000,0.02441620
1009.648000,0.01833141
1009.656000,0.02441620
1009.664000,0.01833141
1009.672000,0.01833141
1009.680000,0.03050100
1009.688000,0.01216959
1009.696000,0.02441620
1009.704000,0.02441620
1009.712000,0.02441620
1009.720000,0.02441620
1009.728000,0.03050100
1009.736000,0.02441620
1009.744000,0.02441620
1009.752000,0.02441620
1009.760000,0.03050100
1009.768000,0.00608480
1009.776000,0.01216959
1009.784000,0.01216959
1009.792000,0.02441620
1009.800000,0.02441620
1009.808000,0.01216959
1009.816000,0.02441620
1009.824000,0.01216959
1009.832000,0.02441620
1009.840000,0.03050100
1009.848000,0.01833141
1009.856000,0.03050100
1009.864000,0.02441620
1009.872000,0.02441620
1009.880000,0.02441620
1009.888000,0.02441620
1009.896000,0.01833141
1009.904000,0.00608480
1009.912000,0.02441620
1009.920000,0.03050100
1009.928000,0.01216959
1009.936000,0.02441620
1009.944000,0.01216959
1009.952000,0.02441620
1009.960000,0.03050100
1009.968000,0.02441620
1009.976000,0.01833141
1009.984000,0.01833141
1009.992000,0.02441620
1010.000000,0.02441620
1010.008000,0.01216959
1010.016000,0.02441620
1010.024000,0.02441620
1010.032000,0.03050100
1010.040000,0.01833141
1010.048000,0.02441620
1010.056000,0.02441620
1010.064000,0.01216959
1010.072000,0.01833141
1010.080000,0.01833141
1010.088000,0.01216959
1010.096000,0.03050100
1010.104000,0.03050100
1010.112000,0.03050100
1010.120000,0.00608480
1010.128000,0.01833141
1010.136000,0.03658580
1010.144000,0.01833141
1010.152000,0.03050100
1010.160000,0.01833141
1010.168000,0.02441620
1010.176000,0.03050100
1010.184000,0.01833141
1010.192000,0.03050100
1010.200000,0.01216959
1010.208000,0.02441620
1010.216000,0.02441620
1010.224000,0.01833141
1010.232000,0.02441620
1010.240000,0.01216959
1010.248000,-0.00608480
1010.256000,0.03050100
1010.264000,0.03050100
1010.272000,0.02441620
1010.280000,0.00608480
1010.288000,0.01216959
1010.296000,0.01216959
1010.304000,0.02441620
1010.312000,0.02441620
1010.320000,0.03050100
1010.328000,0.01833141
1010.336000,0.02441620
1010.344000,0.01216959
1010.352000,0.02441620
1010.360000,0.01833141
1010.368000,0.01833141
1010.376000,0.03050100
1010.384000,0.01833141
1010.392000,0.02441620
1010.400000,0.01833141
1010.408000,0.01833141
1010.416000,0.02441620
1010.424000,0.02441620
1010.432000,0.02441620
1010.440000,0.02441620
1010.448000,0.02441620
1010.456000,0.02441620
1010.464000,0.00608480
1010.472000,0.03050100
1010.480000,0.02441620
1010.488000,0.01833141
1010.496000,0.01216959
1010.504000,0.01833141
1010.512000,0.02441620
1010.520000,0.02441620
1010.528000,0.02441620
1010.536000,0.02441620
1010.544000,0.01833141
1010.552000,0.02441620
1010.560000,0.01833141
1010.568000,0.01833141
1010.576000,0.01833141
1010.584000,0.01833141
1010.592000,0.01216959
1010.600000,0.01216959
1010.608000,0.02441620
1010.616000,0.01833141
1010.624000,0.01833141
1010.632000,0.03050100
1010.640000,0.01833141
1010.648000,0.03050100
1010.656000,0.02441620
1010.664000,0.03050100
1010.672000,0.02441620
1010.680000,0.01216959
1010.688000,0.02441620
1010.696000,0.03050100
1010.704000,0.01833141
1010.712000,0.03050100
1010.720000,0.01833141
1010.728000,0.02441620
1010.736000,0.01216959
1010.744000,0.02441620
1010.752000,0.01833141
1010.760000,0.02441620
1010.768000,0.02441620
1010.776000,0.01833141
1010.784000,0.01833141
1010.792000,0.03658580
1010.800000,0.01216959
1010.808000,0.00608480
1010.816000,0.01833141
1010.824000,0.02441620
1010.832000,0.03050100
1010.840000,0.01833141
1010.848000,0.03050100
1010.856000,0.01216959
1010.864000,0.00608480
1010.872000,0.03050100
1010.880000,0.02441620
1010.888000,0.02441620
1010.896000,0.01216959
1010.904000,0.01833141
1010.912000,0.01833141
1010.920000,0.01833141
1010.928000,0.02441620
1010.936000,0.01833141
1010.944000,0.02441620
1010.952000,0.03050100
1010.960000,0.01833141
1010.968000,0.03050100
1010.976000,0.03050100
1010.984000,0.02441620
1010.992000,0.02441620
1011.000000,0.01216959
1011.008000,0.02441620
1011.016000,0.01216959
1011.024000,0.01216959
1011.032000,0.03050100
1011.040000,0.01833141
1011.048000,0.03050100
1011.056000,0.01833141
1011.064000,0.01833141
1011.072000,0.02441620
1011.080000,0.00000000
1011.088000,0.03658580
1011.096000,0.01833141
1011.104000,0.02441620
1011.112000,0.01833141
1011.120000,0.01833141
1011.128000,0.02441620
1011.136000,0.01833141
1011.144000,0.02441620
1011.152000,0.02441620
1011.160000,0.01833141
1011.168000,0.03658580
1011.176000,0.02441620
1011.184000,0.03050100
1011.192000,0.02441620
1011.200000,0.02441620
1011.208000,0.01833141
1011.216000,0.01216959
1011.224000,0.03050100
1011.232000,0.01833141
1011.240000,0.02441620
1011.248000,0.03658580
1011.256000,0.01833141
1011.264000,0.03658580
1011.272000,0.02441620
1011.280000,0.01216959
1011.288000,0.03050100
1011.296000,0.02441620
1011.304000,0.01833141
1011.312000,0.01216959
1011.320000,0.02441620
1011.328000,0.03050100
1011.336000,0.01216959
1011.344000,0.02441620
1011.352000,0.03050100
1011.360000,0.03050100
1011.368000,0.02441620
1011.376000,0.02441620
1011.384000,0.03050100
1011.392000,0.02441620
1011.400000,0.02441620
1011.408000,0.03658580
1011.416000,0.01216959
1011.424000,0.01216959
1011.432000,0.01216959
1011.440000,0.01833141
1011.448000,0.03050100
1011.456000,0.00608480
1011.464000,0.03050100
1011.472000,0.01833141
1011.480000,0.01833141
1011.488000,0.03050100
1011.496000,0.02441620
1011.504000,0.03050100
1011.512000,0.01833141
1011.520000,0.02441620
1011.528000,0.01216959
1011.536000,0.01216959
1011.544000,0.03050100
1011.552000,-0.00608480
1011.560000,0.01833141
1011.568000,0.03658580
1011.576000,0.03050100
1011.584000,0.02441620
1011.592000,0.02441620
1011.600000,0.02441620
1011.608000,0.02441620
1011.616000,0.02441620
1011.624000,0.04883241
1011.632000,0.02441620
1011.640000,0.01833141
1011.648000,0.02441620
1011.656000,0.01833141
1011.664000,0.03658580
1011.672000,0.02441620
1011.680000,0.03658580
1011.688000,0.03050100
1011.696000,0.03050100
1011.704000,0.04883241
1011.712000,0.02441620
1011.720000,0.02441620
1011.728000,0.02441620
1011.736000,0.02441620
1011.744000,0.03658580
1011.752000,0.03050100
1011.760000,0.03050100
1011.768000,0.01216959
1011.776000,0.03050100
1011.784000,0.04274761
1011.792000,0.02441620
1011.800000,0.03658580
1011.808000,0.03050100
1011.816000,0.03658580
1011.824000,0.03658580
1011.832000,0.03050100
1011.840000,0.04274761
1011.848000,0.01833141
1011.856000,0.01833141
1011.864000,0.03050100
1011.872000,0.01216959
1011.880000,0.03658580
1011.888000,0.02441620
1011.896000,0.01833141
1011.904000,0.03658580
1011.912000,0.04274761
1011.920000,0.04883241
1011.928000,0.03050100
1011.936000,0.03050100
1011.944000,0.03050100
1011.952000,0.01833141
1011.960000,0.03050100
1011.968000,0.03050100
1011.976000,0.02441620
1011.984000,0.02441620
1011.992000,0.03050100
1012.000000,0.03658580
1012.008000,0.03050100
1012.016000,0.03658580
1012.024000,0.04274761
1012.032000,0.02441620
1012.040000,0.03050100
1012.048000,0.01216959
1012.056000,0.01833141
1012.064000,0.02441620
1012.072000,0.02441620
1012.080000,0.04274761
1012.088000,0.01833141
1012.096000,0.04883241
1012.104000,0.03050100
1012.112000,0.01216959
1012.120000,0.04274761
1012.128000,0.03658580
1012.136000,0.03050100
1012.144000,0.02441620
1012.152000,0.02441620
1012.160000,0.02441620
1012.168000,-0.00608480
1012.176000,0.02441620
1012.184000,0.03050100
1012.192000,0.03050100
1012.200000,0.02441620
1012.208000,0.03050100
1012.216000,0.03050100
1012.224000,0.03050100
1012.232000,0.02441620
1012.240000,0.03050100
1012.248000,0.02441620
1012.256000,0.03050100
1012.264000,0.01216959
1012.272000,0.01216959
1012.280000,0.03050100
1012.288000,0.01216959
1012.296000,0.02441620
1012.304000,0.01833141
1012.312000,0.03050100
1012.320000,0.03658580
1012.328000,0.01833141
1012.336000,0.03658580
1012.344000,0.03050100
1012.352000,0.02441620
1012.360000,0.03050100
1012.368000,0.01833141
1012.376000,0.01216959
1012.384000,0.00000000
1012.392000,0.02441620
1012.400000,0.02441620
1012.408000,0.01833141
1012.416000,0.03050100
1012.424000,0.03050100
1012.432000,0.03050100
1012.440000,0.04274761
1012.448000,0.01833141
1012.456000,0.01833141
1012.464000,0.01216959
1012.472000,0.01216959
1012.480000,0.01216959
1012.488000,0.00608480
1012.496000,0.01216959
1012.504000,0.01216959
1012.512000,0.01833141
1012.520000,0.03050100
1012.528000,0.04274761
1012.536000,0.03050100
1012.544000,0.01833141
1012.552000,0.03050100
1012.560000,0.02441620
1012.568000,0.02441620
1012.576000,0.01833141
1012.584000,0.00000000
1012.592000,0.01833141
1012.600000,0.01833141
1012.608000,0.00608480
1012.616000,0.03050100
1012.624000,0.01833141
1012.632000,0.03658580
1012.640000,0.02441620
1012.648000,0.02441620
1012.656000,0.04883241
1012.664000,0.02441620
1012.672000,0.01216959
1012.680000,0.01833141
1012.688000,0.01216959
1012.696000,0.01833141
1012.704000,0.01216959
1012.712000,0.02441620
1012.720000,0.01833141
1012.728000,0.00000000
1012.736000,0.03658580
1012.744000,0.01833141
1012.752000,0.03050100
1012.760000,0.01833141
1012.768000,0.02441620
1012.776000,0.01833141
1012.784000,0.01216959
1012.792000,0.01216959
1012.800000,0.01216959
1012.808000,0.00608480
1012.816000,0.01833141
1012.824000,0.01216959
1012.832000,0.01833141
1012.840000,0.01833141
1012.848000,0.03050100
1012.856000,0.01216959
1012.864000,0.02441620
1012.872000,0.04274761
1012.880000,0.01216959
1012.888000,0.01833141
1012.896000,0.02441620
1012.904000,0.00608480
1012.912000,0.01833141
1012.920000,0.01216959
1012.928000,0.02441620
1012.936000,0.03050100
1012.944000,0.02441620
1012.952000,0.02441620
1012.960000,0.01833141
1012.968000,0.03050100
1012.976000,0.03050100
1012.984000,0.01216959
1012.992000,0.02441620
1013.000000,0.00608480
1013.008000,0.01216959
1013.016000,0.00608480
1013.024000,0.00608480
1013.032000,0.02441620
1013.040000,0.01216959
1013.048000,0.02441620
1013.056000,0.03658580
1013.064000,0.01833141
1013.072000,0.01833141
1013.080000,0.01833141
1013.088000,0.02441620
1013.096000,0.01216959
1013.104000,0.01216959
1013.112000,0.01833141
1013.120000,0.01216959
1013.128000,0.01833141
1013.136000,0.01833141
1013.144000,0.02441620
1013.152000,0.03658580
1013.160000,0.01833141
1013.168000,0.03050100
1013.176000,0.02441620
1013.184000,0.02441620
1013.192000,0.03050100
1013.200000,0.00000000
1013.208000,0.02441620
1013.216000,0.01833141
1013.224000,0.00000000
1013.232000,0.02441620
1013.240000,0.02441620
1013.248000,0.01216959
1013.256000,0.02441620
1013.264000,0.02441620
1013.272000,0.03658580
1013.280000,0.01833141
1013.288000,0.02441620
1013.296000,0.02441620
1013.304000,0.01216959
1013.312000,0.02441620
1013.320000,0.00000000
1013.328000,0.01833141
1013.336000,0.01216959
1013.344000,0.02441620
1013.352000,0.02441620
1013.360000,0.01216959
1013.368000,0.03658580
1013.376000,0.02441620
1013.384000,0.03658580
1013.392000,0.03050100
1013.400000,0.03050100
1013.408000,0.02441620
1013.416000,-0.00608480
1013.424000,0.01833141
1013.432000,0.01216959
1013.440000,0.00608480
1013.448000,0.01216959
1013.456000,0.01216959
1013.464000,0.02441620
1013.472000,0.02441620
1013.480000,0.01216959
1013.488000,0.03050100
1013.496000,0.01216959
1013.504000,0.01833141
1013.512000,0.03050100
1013.520000,0.01216959
1013.528000,0.01833141
1013.536000,0.00000000
1013.544000,0.00000000
1013.552000,0.02441620
1013.560000,0.02441620
1013.568000,0.02441620
1013.576000,0.01833141
1013.584000,0.03050100
1013.592000,0.03050100
1013.600000,0.01833141
1013.608000,0.03050100
1013.616000,0.02441620
1013.624000,0.01833141
1013.632000,0.00608480
1013.640000,0.00608480
1013.648000,0.01833141
1013.656000,0.01216959
1013.664000,0.02441620
1013.672000,0.02441620
1013.680000,0.01833141
1013.688000,0.01216959
1013.696000,0.02441620
1013.704000,0.02441620
1013.712000,0.01833141
1013.720000,0.02441620
1013.728000,0.01833141
1013.736000,0.00000000
1013.744000,0.01216959
1013.752000,0.01216959
1013.760000,0.01216959
1013.768000,0.02441620
1013.776000,0.01833141
1013.784000,0.02441620
1013.792000,0.02441620
1013.800000,0.02441620
1013.808000,0.03658580
1013.816000,0.01833141
1013.824000,0.01833141
1013.832000,0.02441620
1013.840000,0.00608480
1013.848000,0.01216959
1013.856000,0.01216959
1013.864000,0.01216959
1013.872000,0.01216959
1013.880000,0.03050100
1013.888000,0.01833141
1013.896000,0.01216959
1013.904000,0.03050100
1013.912000,0.02441620
1013.920000,0.03658580
1013.928000,0.03050100
1013.936000,0.00608480
1013.944000,0.01216959
1013.952000,0.00608480
1013.960000,0.02441620
1013.968000,0.01833141
1013.976000,0.00608480
1013.984000,0.01833141
1013.992000,0.03050100
1014.000000,0.03050100
1014.008000,0.03050100
1014.016000,0.03050100
1014.024000,0.03658580
1014.032000,0.00000000
1014.040000,0.02441620
1014.048000,0.00608480
1014.056000,0.00608480
1014.064000,0.01833141
1014.072000,0.01216959
1014.080000,0.01833141
1014.088000,0.02441620
1014.096000,0.02441620
1014.104000,0.02441620
1014.112000,0.02441620
1014.120000,0.02441620
1014.128000,0.02441620
1014.136000,0.01833141
1014.144000,0.02441620
1014.152000,0.01216959
1014.160000,-0.01833141
1014.168000,0.02441620
1014.176000,0.01833141
1014.184000,0.02441620
1014.192000,0.01216959
1014.200000,0.02441620
1014.208000,0.02441620
1014.216000,0.02441620
1014.224000,0.03050100
1014.232000,0.01833141
1014.240000,0.01833141
1014.248000,0.02441620
1014.256000,0.00608480
1014.264000,0.01216959
1014.272000,0.00000000
1014.280000,0.01216959
1014.288000,0.01833141
1014.296000,0.01833141
1014.304000,0.04883241
1014.312000,0.02441620
1014.320000,0.02441620
1014.328000,0.02441620
1014.336000,0.03050100
1014.344000,0.02441620
1014.352000,0.01216959
1014.360000,0.01833141
1014.368000,0.00000000
1014.376000,0.00000000
1014.384000,0.01216959
1014.392000,0.01216959
1014.400000,0.01833141
1014.408000,0.00608480
1014.416000,0.02441620
1014.424000,0.03658580
1014.432000,0.02441620
1014.440000,0.03050100
1014.448000,0.01833141
1014.456000,0.01833141
1014.464000,0.01216959
1014.472000,0.00000000
1014.480000,0.00608480
1014.488000,0.00608480
1014.496000,0.01833141
1014.504000,0.01216959
1014.512000,0.01833141
1014.520000,0.03050100
1014.528000,0.01833141
1014.536000,0.02441620
1014.544000,0.03050100
1014.552000,0.02441620
1014.560000,0.02441620
1014.568000,0.00608480
1014.576000,0.00000000
1014.584000,0.01833141
1014.592000,0.01216959
1014.600000,0.02441620
1014.608000,0.01833141
1014.616000,0.03050100
1014.624000,0.03050100
1014.632000,0.03050100
1014.640000,0.03658580
1014.648000,0.03050100
1014.656000,0.02441620
1014.664000,0.01833141
1014.672000,0.01833141
1014.680000,0.02441620
1014.688000,0.01216959
1014.696000,0.00608480
1014.704000,0.01833141
1014.712000,0.01216959
1014.720000,0.00608480
1014.728000,0.02441620
1014.736000,0.02441620
1014.744000,0.03050100
1014.752000,0.03050100
1014.760000,0.03050100
1014.768000,0.02441620
1014.776000,0.01216959
1014.784000,0.01216959
1014.792000,0.01216959
1014.800000,0.01833141
1014.808000,0.01216959
1014.816000,0.01833141
1014.824000,0.01833141
1014.832000,0.02441620
1014.840000,0.02441620
1014.848000,0.00000000
1014.856000,0.03050100
1014.864000,0.03658580
1014.872000,0.01833141
1014.880000,0.01216959
1014.888000,0.00608480
1014.896000,0.00608480
1014.904000,0.00608480
1014.912000,0.01833141
1014.920000,0.03658580
1014.928000,0.01216959
1014.936000,0.03050100
1014.944000,0.03050100
1014.952000,0.03050100
1014.960000,0.03050100
1014.968000,0.01833141
1014.976000,0.02441620
1014.984000,0.01216959
1014.992000,0.01216959
1015.000000,0.01216959
1015.008000,0.00608480
1015.016000,0.01833141
1015.024000,0.02441620
1015.032000,0.02441620
1015.040000,0.03050100
1015.048000,0.03050100
1015.056000,0.03050100
1015.064000,0.02441620
1015.072000,0.03050100
1015.080000,0.02441620
1015.088000,0.02441620
1015.096000,0.01833141
1015.104000,0.00000000
1015.112000,0.00608480
1015.120000,0.02441620
1015.128000,0.01216959
1015.136000,0.03050100
1015.144000,0.02441620
1015.152000,0.03050100
1015.160000,0.02441620
1015.168000,0.02441620
1015.176000,0.04274761
1015.184000,0.01216959
1015.192000,0.00000000
1015.200000,0.01833141
1015.208000,0.01216959
1015.216000,0.01216959
1015.224000,0.00000000
1015.232000,0.01833141
1015.240000,0.02441620
1015.248000,0.02441620
1015.256000,0.03658580
1015.264000,0.03658580
1015.272000,0.03050100
1015.280000,0.01833141
1015.288000,0.02441620
1015.296000,0.03050100
1015.304000,0.00608480
1015.312000,0.01216959
1015.320000,0.01216959
1015.328000,0.01216959
1015.336000,0.01833141
1015.344000,0.01833141
1015.352000,0.02441620
1015.360000,0.02441620
1015.368000,0.03050100
1015.376000,0.04274761
1015.384000,0.02441620
1015.392000,0.03050100
1015.400000,0.01216959
1015.408000,0.00000000
1015.416000,0.01216959
1015.424000,0.01216959
1015.432000,0.01216959
1015.440000,0.01216959
1015.448000,0.01216959
1015.456000,0.03658580
1015.464000,0.00608480
1015.472000,0.03050100
1015.480000,0.03050100
1015.488000,0.03050100
1015.496000,0.03658580
1015.504000,0.01216959
1015.512000,0.00608480
1015.520000,0.01216959
1015.528000,0.01216959
1015.536000,0.01216959
1015.544000,0.00608480
1015.552000,0.02441620
1015.560000,0.02441620
1015.568000,0.02441620
1015.576000,0.03658580
1015.584000,0.01833141
1015.592000,0.03050100
1015.600000,0.01216959
1015.608000,0.04274761
1015.616000,0.01216959
1015.624000,0.00000000
1015.632000,0.00608480
1015.640000,0.01833141
1015.648000,0.01833141
1015.656000,0.01216959
1015.664000,0.02441620
1015.672000,0.03050100
1015.680000,0.00608480
1015.688000,0.03050100
1015.696000,0.03658580
1015.704000,0.02441620
1015.712000,0.02441620
1015.720000,0.01216959
1015.728000,0.01216959
1015.736000,0.01833141
1015.744000,0.00608480
1015.752000,0.02441620
1015.760000,0.01833141
1015.768000,0.02441620
1015.776000,0.03050100
1015.784000,0.01833141
1015.792000,0.03658580
1015.800000,0.02441620
1015.808000,0.01216959
1015.816000,0.02441620
1015.824000,0.01216959
1015.832000,0.02441620
1015.840000,0.00608480
1015.848000,0.01216959
1015.856000,0.01216959
1015.864000,0.01833141
1015.872000,0.03050100
1015.880000,0.01216959
1015.888000,0.02441620
1015.896000,0.02441620
1015.904000,0.02441620
1015.912000,0.03050100
1015.920000,0.01216959
1015.928000,0.03050100
1015.936000,0.00608480
1015.944000,0.00608480
1015.952000,0.02441620
1015.960000,0.00608480
1015.968000,0.01216959
1015.976000,0.01833141
1015.984000,0.02441620
1015.992000,0.03658580
1016.000000,0.02441620
1016.008000,0.03658580
1016.016000,0.02441620
1016.024000,0.00000000
1016.032000,0.02441620
1016.040000,0.00608480
1016.048000,0.00608480
1016.056000,0.00608480
1016.064000,0.01216959
1016.072000,0.03050100
1016.080000,0.02441620
1016.088000,0.02441620
1016.096000,0.01833141
1016.104000,0.02441620
1016.112000,0.03050100
1016.120000,0.01216959
1016.128000,0.00608480
1016.136000,0.01216959
1016.144000,0.01216959
1016.152000,0.00000000
1016.160000,0.01216959
1016.168000,0.03050100
1016.176000,0.01216959
1016.184000,0.01833141
1016.192000,0.03658580
1016.200000,0.01833141
1016.208000,0.03658580
1016.216000,0.02441620
1016.224000,0.04274761
1016.232000,0.03050100
1016.240000,0.01216959
1016.248000,0.02441620
1016.256000,0.00000000
1016.264000,0.01216959
1016.272000,0.01833141
1016.280000,0.01833141
1016.288000,0.02441620
1016.296000,0.01833141
1016.304000,0.03050100
1016.312000,0.02441620
1016.320000,0.02441620
1016.328000,0.04274761
1016.336000,0.01833141
1016.344000,0.01833141
1016.352000,0.01833141
1016.360000,0.01216959
1016.368000,0.00608480
1016.376000,0.00608480
1016.384000,0.01833141
1016.392000,0.01216959
1016.400000,0.02441620
1016.408000,0.03658580
1016.416000,0.02441620
1016.424000,0.03050100
1016.432000,0.01833141
1016.440000,0.03050100
1016.448000,0.02441620
1016.456000,0.01216959
1016.464000,0.01216959
1016.472000,0.00608480
1016.480000,0.01216959
1016.488000,0.02441620
1016.496000,0.00000000
1016.504000,0.01833141
1016.512000,0.02441620
1016.520000,0.03050100
1016.528000,0.03050100
1016.536000,0.02441620
1016.544000,0.03050100
1016.552000,0.01833141
1016.560000,0.00608480
1016.568000,0.03050100
1016.576000,0.00608480
1016.584000,0.01833141
1016.592000,0.01216959
1016.600000,0.02441620
1016.608000,0.03050100
1016.616000,0.02441620
1016.624000,0.03658580
1016.632000,0.03050100
1016.640000,0.03050100
1016.648000,0.03658580
1016.656000,0.01216959
1016.664000,0.01833141
1016.672000,0.01216959
1016.680000,0.00608480
1016.688000,0.02441620
1016.696000,0.00608480
1016.704000,0.02441620
1016.712000,0.00000000
1016.720000,0.03050100
1016.728000,0.02441620
1016.736000,0.03050100
1016.744000,0.03050100
1016.752000,0.02441620
1016.760000,0.01216959
1016.768000,0.01833141
1016.776000,0.01216959
1016.784000,0.03050100
1016.792000,0.00608480
1016.800000,0.01216959
1016.808000,0.02441620
1016.816000,0.02441620
1016.824000,0.03050100
1016.832000,0.03050100
1016.840000,0.02441620
1016.848000,0.03050100
1016.856000,0.03050100
1016.864000,0.03050100
1016.872000,0.00608480
1016.880000,0.01216959
1016.888000,0.01833141
1016.896000,0.02441620
1016.904000,0.02441620
1016.912000,0.01833141
1016.920000,0.01833141
1016.928000,0.01216959
1016.936000,0.03050100
1016.944000,0.03050100
1016.952000,0.02441620
1016.960000,0.02441620
1016.968000,0.02441620
1016.976000,0.01833141
1016.984000,0.00608480
1016.992000,0.00000000
1017.000000,0.01216959
1017.008000,0.01833141
1017.016000,0.02441620
1017.024000,0.02441620
1017.032000,0.02441620
1017.040000,0.02441620
1017.048000,0.03050100
1017.056000,0.02441620
1017.064000,0.03658580
1017.072000,0.01216959
1017.080000,0.02441620
1017.088000,0.01216959
1017.096000,0.01216959
1017.104000,0.01216959
1017.112000,0.01216959
1017.120000,0.02441620
1017.128000,0.02441620
1017.136000,0.02441620
1017.144000,0.03050100
1017.152000,0.02441620
1017.160000,0.03050100
1017.168000,0.01833141
1017.176000,0.02441620
1017.184000,0.00000000
1017.192000,0.00608480
1017.200000,0.02441620
1017.208000,0.00608480
1017.216000,0.01216959
1017.224000,0.01216959
1017.232000,0.01216959
1017.240000,0.03050100
1017.248000,0.01833141
1017.256000,0.04274761
1017.264000,0.03050100
1017.272000,0.01216959
1017.280000,0.02441620
1017.288000,0.02441620
1017.296000,0.01833141
1017.304000,0.01216959
1017.312000,0.01216959
1017.320000,0.03050100
1017.328000,0.00000000
1017.336000,0.01833141
1017.344000,0.02441620
1017.352000,0.01833141
1017.360000,0.04274761
1017.368000,0.03050100
1017.376000,0.03050100
1017.384000,0.03050100
1017.392000,0.01216959
1017.400000,0.01216959
1017.408000,0.00608480
1017.416000,0.01216959
1017.424000,0.01216959
1017.432000,0.01216959
1017.440000,0.03050100
1017.448000,0.01216959
1017.456000,0.01216959
1017.464000,0.03050100
1017.472000,0.04883241
1017.480000,0.02441620
1017.488000,0.01833141
1017.496000,0.02441620
1017.504000,0.01833141
1017.512000,0.01216959
1017.520000,0.03050100
1017.528000,0.01833141
1017.536000,0.02441620
1017.544000,0.01216959
1017.552000,0.03050100
1017.560000,0.03658580
1017.568000,0.01833141
1017.576000,0.02441620
1017.584000,0.02441620
1017.592000,0.01833141
1017.600000,0.02441620
1017.608000,0.01216959
1017.616000,0.01216959
1017.624000,0.01216959
1017.632000,0.01216959
1017.640000,0.02441620
1017.648000,0.01216959
1017.656000,0.02441620
1017.664000,0.01216959
1017.672000,0.01216959
1017.680000,0.03050100
1017.688000,0.01833141
1017.696000,0.02441620
1017.704000,0.01216959
1017.712000,0.01216959
1017.720000,0.01216959
1017.728000,0.01216959
1017.736000,0.01833141
1017.744000,0.01216959
1017.752000,0.02441620
1017.760000,0.02441620
1017.768000,0.01833141
1017.776000,0.03050100
1017.784000,0.02441620
1017.792000,0.01833141
1017.800000,0.01216959
1017.808000,0.01216959
1017.816000,0.03050100
1017.824000,0.01833141
1017.832000,0.01216959
1017.840000,0.01216959
1017.848000,0.00608480
1017.856000,0.02441620
1017.864000,0.01216959
1017.872000,0.01833141
1017.880000,0.02441620
1017.888000,0.02441620
1017.896000,0.03050100
1017.904000,0.02441620
1017.912000,0.02441620
1017.920000,0.01833141
1017.928000,0.01216959
1017.936000,0.01833141
1017.944000,0.02441620
1017.952000,0.01216959
1017.960000,0.01833141
1017.968000,0.02441620
1017.976000,0.03050100
1017.984000,0.01833141
1017.992000,0.02441620
1018.000000,0.03050100
1018.008000,0.02441620
1018.016000,0.01216959
1018.024000,0.01216959
1018.032000,0.01216959
1018.040000,0.00608480
1018.048000,0.01833141
1018.056000,0.01833141
1018.064000,0.01216959
1018.072000,0.03050100
1018.080000,0.02441620
1018.088000,0.02441620
1018.096000,0.03050100
1018.104000,0.01833141
1018.112000,0.02441620
1018.120000,0.01833141
1018.128000,0.01833141
1018.136000,0.02441620
1018.144000,-0.01224661
1018.152000,0.01833141
1018.160000,0.03050100
1018.168000,0.01833141
1018.176000,0.02441620
1018.184000,0.02441620
1018.192000,0.02441620
1018.200000,0.01833141
1018.208000,0.02441620
1018.216000,0.04274761
1018.224000,0.01833141
1018.232000,0.02441620
1018.240000,0.01216959
1018.248000,0.01216959
1018.256000,0.01833141
1018.264000,0.01833141
1018.272000,0.02441620
1018.280000,0.01833141
1018.288000,0.01216959
1018.296000,0.02441620
1018.304000,0.02441620
1018.312000,0.03658580
1018.320000,0.02441620
1018.328000,0.02441620
1018.336000,0.03050100
1018.344000,0.01833141
1018.352000,0.02441620
1018.360000,0.00608480
1018.368000,0.01833141
1018.376000,0.02441620
1018.384000,0.01833141
1018.392000,0.02441620
1018.400000,0.01833141
1018.408000,0.02441620
1018.416000,0.02441620
1018.424000,0.01833141
1018.432000,0.03658580
1018.440000,0.02441620
1018.448000,0.02441620
1018.456000,0.01833141
1018.464000,0.01216959
1018.472000,0.03050100
1018.480000,0.01216959
1018.488000,0.00000000
1018.496000,0.02441620
1018.504000,0.03050100
1018.512000,0.03658580
1018.520000,0.01216959
1018.528000,0.01833141
1018.536000,0.02441620
1018.544000,0.02441620
1018.552000,0.03050100
1018.560000,0.01216959
1018.568000,0.01833141
1018.576000,0.01216959
1018.584000,0.01833141
1018.592000,0.03050100
1018.600000,0.02441620
1018.608000,0.03050100
1018.616000,0.02441620
1018.624000,0.03050100
1018.632000,0.03658580
1018.640000,0.01216959
1018.648000,0.01216959
1018.656000,0.01833141
1018.664000,0.01833141
1018.672000,0.03050100
1018.680000,0.01833141
1018.688000,0.02441620
1018.696000,0.01216959
1018.704000,0.00000000
1018.712000,0.03050100
1018.720000,0.01216959
1018.728000,0.03050100
1018.736000,0.01833141
1018.744000,0.02441620
1018.752000,0.03658580
1018.760000,0.01216959
1018.768000,0.02441620
1018.776000,0.02441620
1018.784000,0.03050100
1018.792000,0.03050100
1018.800000,0.02441620
1018.808000,0.02441620
1018.816000,0.02441620
1018.824000,0.02441620
1018.832000,0.00608480
1018.840000,0.01833141
1018.848000,0.03658580
1018.856000,0.01216959
1018.864000,0.01833141
1018.872000,0.03050100
1018.880000,0.01833141
1018.888000,0.03050100
1018.896000,0.01833141
1018.904000,0.03050100
1018.912000,0.03658580
1018.920000,0.01833141
1018.928000,0.02441620
1018.936000,0.02441620
1018.944000,0.02441620
1018.952000,0.01833141
1018.960000,0.01833141
1018.968000,0.03050100
1018.976000,0.00608480
1018.984000,0.02441620
1018.992000,0.03050100
1019.000000,0.01833141
1019.008000,0.03658580
1019.016000,0.03050100
1019.024000,0.02441620
1019.032000,0.03658580
1019.040000,0.01833141
1019.048000,0.02441620
1019.056000,0.01833141
1019.064000,0.01833141
1019.072000,0.02441620
1019.080000,0.01833141
1019.088000,0.03050100
1019.096000,0.02441620
1019.104000,0.02441620
1019.112000,0.02441620
1019.120000,0.03050100
1019.128000,0.02441620
1019.136000,0.01216959
1019.144000,0.01833141
1019.152000,0.01216959
1019.160000,0.02441620
1019.168000,0.02441620
1019.176000,0.00608480
1019.184000,0.01833141
1019.192000,0.01216959
1019.200000,0.02441620
1019.208000,0.02441620
1019.216000,0.00608480
1019.224000,0.02441620
1019.232000,0.01833141
1019.240000,0.02441620
1019.248000,0.03658580
1019.256000,0.01216959
1019.264000,0.02441620
1019.272000,0.01833141
1019.280000,0.02441620
1019.288000,0.02441620
1019.296000,0.02441620
1019.304000,0.03658580
1019.312000,0.01833141
1019.320000,0.00608480
1019.328000,0.02441620
1019.336000,0.01833141
1019.344000,0.03050100
1019.352000,0.01216959
1019.360000,0.02441620
1019.368000,0.01216959
1019.376000,0.01833141
1019.384000,0.03050100
1019.392000,0.01216959
1019.400000,0.02441620
1019.408000,0.02441620
1019.416000,0.01216959
1019.424000,0.03050100
1019.432000,0.01833141
1019.440000,0.03050100
1019.448000,0.00000000
1019.456000,0.01833141
1019.464000,0.04883241
1019.472000,0.02441620
1019.480000,0.02441620
1019.488000,0.02441620
1019.496000,0.02441620
1019.504000,0.03658580
1019.512000,0.01833141
1019.520000,0.03658580
1019.528000,0.02441620
1019.536000,0.02441620
1019.544000,0.03050100
1019.552000,0.01833141
1019.560000,0.01833141
1019.568000,0.02441620
1019.576000,0.02441620
1019.584000,0.03050100
1019.592000,0.01216959
1019.600000,0.01833141
1019.608000,0.02441620
1019.616000,0.01833141
1019.624000,0.03050100
1019.632000,0.00608480
1019.640000,0.02441620
1019.648000,0.00608480
1019.656000,0.01216959
1019.664000,0.01216959
1019.672000,0.01216959
1019.680000,0.01216959
1019.688000,0.01833141
1019.696000,0.01833141
1019.704000,0.03050100
1019.712000,0.00608480
1019.720000,0.02441620
1019.728000,0.01833141
1019.736000,0.03050100
1019.744000,0.02441620
1019.752000,0.00608480
1019.760000,0.01833141
1019.768000,0.01216959
1019.776000,0.02441620
1019.784000,0.03050100
1019.792000,0.00608480
1019.800000,0.01833141
1019.808000,0.01833141
1019.816000,0.01833141
1019.824000,0.02441620
1019.832000,0.01833141
1019.840000,0.02441620
1019.848000,0.01216959
1019.856000,0.01833141
1019.864000,0.03658580
1019.872000,0.02441620
1019.880000,0.01833141
1019.888000,0.01216959
1019.896000,0.01833141
1019.904000,0.02441620
1019.912000,0.02441620
1019.920000,0.03050100
1019.928000,0.01216959
1019.936000,0.01833141
1019.944000,0.03050100
1019.952000,0.01216959
1019.960000,0.03050100
1019.968000,0.01833141
1019.976000,0.02441620
1019.984000,0.03050100
1019.992000,0.02441620
1020.000000,0.03050100
1020.008000,0.00000000
1020.016000,0.03050100
1020.024000,0.01833141
1020.032000,0.02441620
1020.040000,0.02441620
1020.048000,0.01833141
1020.056000,0.02441620
1020.064000,0.01216959
1020.072000,0.01216959
1020.080000,0.03658580
1020.088000,0.01216959
1020.096000,0.01833141
1020.104000,0.01833141
1020.112000,0.02441620
1020.120000,0.03050100
1020.128000,0.02441620
1020.136000,0.01833141
1020.144000,0.01833141
1020.152000,0.03050100
1020.160000,0.03050100
1020.168000,0.01833141
1020.176000,0.01833141
1020.184000,0.01833141
1020.192000,0.01833141
1020.200000,0.03050100
1020.208000,0.01833141
1020.216000,0.01833141
1020.224000,0.02441620
1020.232000,0.01833141
1020.240000,0.03050100
1020.248000,0.00608480
1020.256000,0.02441620
1020.264000,0.01833141
1020.272000,0.01833141
1020.280000,0.01216959
1020.288000,0.01216959
1020.296000,0.01833141
1020.304000,0.01833141
1020.312000,0.02441620
1020.320000,0.03050100
1020.328000,0.02441620
1020.336000,0.03050100
1020.344000,0.01216959
1020.352000,0.02441620
1020.360000,0.02441620
1020.368000,0.01216959
1020.376000,0.03050100
1020.384000,0.01833141
1020.392000,0.03050100
1020.400000,0.03050100
1020.408000,0.01216959
1020.416000,0.01833141
1020.424000,0.01833141
1020.432000,0.02441620
1020.440000,0.02441620
1020.448000,0.02441620
1020.456000,0.02441620
1020.464000,0.01833141
1020.472000,0.02441620
1020.480000,0.01216959
1020.488000,0.01833141
1020.496000,0.02441620
1020.504000,0.01216959
1020.512000,0.02441620
1020.520000,0.01833141
1020.528000,0.01216959
1020.536000,0.03050100
1020.544000,0.01216959
1020.552000,0.03658580
1020.560000,0.02441620
1020.568000,0.01216959
1020.576000,0.03658580
1020.584000,0.02441620
1020.592000,0.01833141
1020.600000,0.01833141
1020.608000,0.01833141
1020.616000,0.02441620
1020.624000,0.00000000
1020.632000,0.01216959
1020.640000,0.01833141
1020.648000,0.01833141
1020.656000,0.03050100
1020.664000,0.02441620
1020.672000,0.01833141
1020.680000,0.02441620
1020.688000,0.02441620
1020.696000,0.01833141
1020.704000,0.01833141
1020.712000,0.01216959
1020.720000,0.02441620
1020.728000,0.01216959
1020.736000,0.02441620
1020.744000,0.00608480
1020.752000,0.00000000
1020.760000,0.01216959
1020.768000,0.03050100
1020.776000,0.03050100
1020.784000,0.01216959
1020.792000,0.02441620
1020.800000,0.01216959
1020.808000,0.01833141
1020.816000,0.01833141
1020.824000,0.01833141
1020.832000,0.02441620
1020.840000,0.01216959
1020.848000,0.01216959
1020.856000,0.03050100
1020.864000,0.01833141
1020.872000,0.03658580
1020.880000,0.02441620
1020.888000,0.02441620
1020.896000,0.02441620
1020.904000,0.02441620
1020.912000,0.01833141
1020.920000,0.02441620
1020.928000,0.01216959
1020.936000,0.02441620
1020.944000,0.01216959
1020.952000,0.02441620
1020.960000,0.01216959
1020.968000,0.01216959
1020.976000,0.03050100
1020.984000,0.01833141
1020.992000,0.03050100
1021.000000,0.01833141
1021.008000,0.02441620
1021.016000,0.02441620
1021.024000,0.01216959
1021.032000,0.03050100
1021.040000,0.01833141
1021.048000,0.01833141
1021.056000,0.01833141
1021.064000,0.01216959
1021.072000,0.02441620
1021.080000,0.01216959
1021.088000,0.02441620
1021.096000,0.02441620
1021.104000,0.02441620
1021.112000,0.04274761
1021.120000,0.01833141
1021.128000,0.01833141
1021.136000,0.02441620
1021.144000,0.02441620
1021.152000,0.03050100
1021.160000,0.01216959
1021.168000,0.02441620
1021.176000,0.01216959
1021.184000,0.02441620
1021.192000,0.02441620
1021.200000,0.01833141
1021.208000,0.01833141
1021.216000,0.02441620
1021.224000,0.02441620
1021.232000,0.03050100
1021.240000,0.01833141
1021.248000,0.02441620
1021.256000,0.01216959
1021.264000,0.01833141
1021.272000,0.03050100
1021.280000,0.01833141
1021.288000,0.02441620
1021.296000,0.02441620
1021.304000,0.03050100
1021.312000,0.00608480
1021.320000,0.01833141
1021.328000,0.02441620
1021.336000,0.01833141
1021.344000,0.01216959
1021.352000,0.02441620
1021.360000,0.01833141
1021.368000,0.01833141
1021.376000,0.01833141
1021.384000,0.02441620
1021.392000,0.03050100
1021.400000,0.01833141
1021.408000,0.02441620
1021.416000,0.01833141
1021.424000,0.02441620
1021.432000,0.02441620
1021.440000,-0.00608480
1021.448000,0.02441620
1021.456000,0.02441620
1021.464000,0.00608480
1021.472000,0.01833141
1021.480000,0.01216959
1021.488000,0.03050100
1021.496000,0.03050100
1021.504000,0.03050100
1021.512000,0.04274761
1021.520000,0.01216959
1021.528000,0.03050100
1021.536000,0.02441620
1021.544000,0.02441620
1021.552000,0.01833141
1021.560000,0.01216959
1021.568000,0.03050100
1021.576000,0.01216959
1021.584000,0.00608480
1021.592000,0.02441620
1021.600000,0.02441620
1021.608000,0.03050100
1021.616000,0.02441620
1021.624000,0.02441620
1021.632000,0.02441620
1021.640000,0.02441620
1021.648000,0.02441620
1021.656000,0.01216959
1021.664000,0.01833141
1021.672000,0.01833141
1021.680000,0.01833141
1021.688000,0.03658580
1021.696000,0.01216959
1021.704000,0.02441620
1021.712000,0.02441620
1021.720000,0.02441620
1021.728000,0.04274761
1021.736000,0.01833141
1021.744000,0.02441620
1021.752000,0.01833141
1021.760000,0.01216959
1021.768000,0.02441620
1021.776000,0.01216959
1021.784000,0.00000000
1021.792000,0.01833141
1021.800000,0.03050100
1021.808000,0.03050100
1021.816000,0.01833141
1021.824000,0.02441620
1021.832000,0.02441620
1021.840000,0.02441620
1021.848000,0.03050100
1021.856000,0.03050100
1021.864000,0.02441620
1021.872000,0.01216959
1021.880000,0.01216959
1021.888000,0.03050100
1021.896000,0.02441620
1021.904000,0.02441620
1021.912000,0.03050100
1021.920000,0.02441620
1021.928000,0.01833141
1021.936000,0.02441620
1021.944000,0.03050100
1021.952000,0.01833141
1021.960000,0.02441620
1021.968000,0.01833141
1021.976000,0.01216959
1021.984000,0.02441620
1021.992000,0.00608480
1022.000000,0.01216959
1022.008000,0.02441620
1022.016000,0.02441620
1022.024000,0.03050100
1022.032000,0.01216959
1022.040000,0.03050100
1022.048000,0.02441620
1022.056000,-0.00608480
1022.064000,0.01833141
1022.072000,0.01833141
1022.080000,0.01216959
1022.088000,0.01216959
1022.096000,0.01216959
1022.104000,0.02441620
1022.112000,0.03050100
1022.120000,0.02441620
1022.128000,0.03658580
1022.136000,0.02441620
1022.144000,0.03050100
1022.152000,0.01833141
1022.160000,0.02441620
1022.168000,0.02441620
1022.176000,0.01833141
1022.184000,0.02441620
1022.192000,0.01216959
1022.200000,0.02441620
1022.208000,0.01833141
1022.216000,0.01833141
1022.224000,0.03050100
1022.232000,0.02441620
1022.240000,0.03050100
1022.248000,0.02441620
1022.256000,0.02441620
1022.264000,0.03658580
1022.272000,0.00000000
1022.280000,0.01216959
1022.288000,0.01216959
1022.296000,0.01216959
1022.304000,0.01833141
1022.312000,0.01833141
1022.320000,0.02441620
1022.328000,0.02441620
1022.336000,0.03050100
1022.344000,0.03658580
1022.352000,0.01833141
1022.360000,0.02441620
1022.368000,0.02441620
1022.376000,0.03050100
1022.384000,0.02441620
1022.392000,0.01216959
1022.400000,0.01216959
1022.408000,0.01216959
1022.416000,0.02441620
1022.424000,0.03050100
1022.432000,0.01833141
1022.440000,0.03050100
1022.448000,0.01833141
1022.456000,0.03658580
1022.464000,0.04274761
1022.472000,0.01833141
1022.480000,0.02441620
1022.488000,0.01833141
1022.496000,0.02441620
1022.504000,0.02441620
1022.512000,0.01216959
1022.520000,0.03050100
1022.528000,0.01833141
1022.536000,0.03050100
1022.544000,0.04274761
1022.552000,0.03050100
1022.560000,0.04274761
1022.568000,0.03050100
1022.576000,0.03658580
1022.584000,0.03658580
1022.592000,0.02441620
1022.600000,0.03050100
1022.608000,0.01833141
1022.616000,0.00000000
1022.624000,0.01216959
1022.632000,0.02441620
1022.640000,0.03658580
1022.648000,0.02441620
1022.656000,0.04274761
1022.664000,0.03658580
1022.672000,0.03658580
1022.680000,0.03050100
1022.688000,0.03658580
1022.696000,0.03050100
1022.704000,0.01833141
1022.712000,0.02441620
1022.720000,0.02441620
1022.728000,0.02441620
1022.736000,0.02441620
1022.744000,0.01216959
1022.752000,0.03658580
1022.760000,0.05491720
1022.768000,0.03050100
1022.776000,0.02441620
1022.784000,0.03050100
1022.792000,0.02441620
1022.800000,0.03658580
1022.808000,0.02441620
1022.816000,0.02441620
1022.824000,0.00608480
1022.832000,0.01216959
1022.840000,0.03658580
1022.848000,0.03050100
1022.856000,0.03050100
1022.864000,0.03658580
1022.872000,0.03658580
1022.880000,0.04883241
1022.888000,0.01833141
1022.896000,0.03050100
1022.904000,0.01833141
1022.912000,0.02441620
1022.920000,0.03050100
1022.928000,0.01216959
1022.936000,0.01833141
1022.944000,0.01216959
1022.952000,0.03050100
1022.960000,0.02441620
1022.968000,0.02441620
1022.976000,0.02441620
1022.984000,0.02441620
1022.992000,0.03050100
1023.000000,0.03050100
1023.008000,0.02441620
1023.016000,0.03050100
1023.024000,0.01216959
1023.032000,0.03050100
1023.040000,0.02441620
1023.048000,0.01216959
1023.056000,0.03050100
1023.064000,0.02441620
1023.072000,0.04274761
1023.080000,0.04274761
1023.088000,0.00000000
1023.096000,0.03050100
1023.104000,0.02441620
1023.112000,0.02441620
1023.120000,0.02441620
1023.128000,0.00608480
1023.136000,0.01833141
1023.144000,0.01833141
1023.152000,0.01833141
1023.160000,0.03658580
1023.168000,0.02441620
1023.176000,0.04274761
1023.184000,0.03050100
1023.192000,0.03658580
1023.200000,0.02441620
1023.208000,0.01833141
1023.216000,0.03050100
1023.224000,0.01216959
1023.232000,0.01216959
1023.240000,0.01833141
1023.248000,0.00608480
1023.256000,0.02441620
1023.264000,0.01216959
1023.272000,0.02441620
1023.280000,0.02441620
1023.288000,0.03050100
1023.296000,0.03658580
1023.304000,0.01833141
1023.312000,0.02441620
1023.320000,0.01833141
1023.328000,0.01833141
1023.336000,0.01833141
1023.344000,0.00608480
1023.352000,0.01216959
1023.360000,0.00000000
1023.368000,0.02441620
1023.376000,0.05491720
1023.384000,0.03050100
1023.392000,0.03050100
1023.400000,0.03050100
1023.408000,0.03050100
1023.416000,0.03658580
1023.424000,0.01833141
1023.432000,0.03050100
1023.440000,0.00608480
1023.448000,0.01833141
1023.456000,0.02441620
1023.464000,0.00608480
1023.472000,0.01833141
1023.480000,0.01833141
1023.488000,0.02441620
1023.496000,0.02441620
1023.504000,0.02441620
1023.512000,0.03658580
1023.520000,0.02441620
1023.528000,0.01833141
1023.536000,0.02441620
1023.544000,0.01833141
1023.552000,0.01216959
1023.560000,0.01216959
1023.568000,0.02441620
1023.576000,0.00608480
1023.584000,0.01833141
1023.592000,0.03050100
1023.600000,0.02441620
1023.608000,0.03658580
1023.616000,0.03658580
1023.624000,0.03050100
1023.632000,0.03050100
1023.640000,0.01216959
1023.648000,0.00608480
1023.656000,0.01833141
1023.664000,0.00608480
1023.672000,0.01216959
1023.680000,0.01216959
1023.688000,0.01833141
1023.696000,0.02441620
1023.704000,0.01833141
1023.712000,0.04274761
1023.720000,0.03050100
1023.728000,0.02441620
1023.736000,0.01833141
1023.744000,0.01216959
1023.752000,0.01833141
1023.760000,0.01216959
1023.768000,0.01833141
1023.776000,0.02441620
1023.784000,0.00608480
1023.792000,0.03050100
1023.800000,0.01833141
1023.808000,0.02441620
1023.816000,0.03050100
1023.824000,0.02441620
1023.832000,0.03658580
1023.840000,0.01833141
1023.848000,0.02441620
1023.856000,0.01833141
1023.864000,0.01216959
1023.872000,0.01833141
1023.880000,0.00608480
1023.888000,0.02441620
1023.896000,0.01216959
1023.904000,0.03050100
1023.912000,0.03658580
1023.920000,0.00000000
1023.928000,0.02441620
1023.936000,0.01833141
1023.944000,0.03050100
1023.952000,0.01833141
1023.960000,0.01216959
1023.968000,0.01216959
1023.976000,0.00000000
1023.984000,0.00608480
1023.992000,0.02441620
1024.000000,0.01216959
1024.008000,0.02441620
1024.016000,0.02441620
1024.024000,0.03050100
1024.032000,0.03658580
1024.040000,0.02441620
1024.048000,0.00608480
1024.056000,0.01833141
1024.064000,0.03050100
1024.072000,0.01833141
1024.080000,0.00608480
1024.088000,0.01216959
1024.096000,0.01216959
1024.104000,0.01216959
1024.112000,0.03050100
1024.120000,0.03658580
1024.128000,0.03050100
1024.136000,0.01216959
1024.144000,0.03050100
1024.152000,0.02441620
1024.160000,0.01216959
1024.168000,0.02441620
1024.176000,0.01216959
1024.184000,0.01216959
1024.192000,-0.01224661
1024.200000,0.01216959
1024.208000,0.02441620
1024.216000,0.01833141
1024.224000,0.03050100
1024.232000,0.03658580
1024.240000,0.02441620
1024.248000,0.03658580
1024.256000,0.01833141
1024.264000,0.01216959
1024.272000,0.01216959
1024.280000,0.00608480
1024.288000,0.01833141
1024.296000,0.00608480
1024.304000,0.01833141
1024.312000,0.02441620
1024.320000,0.02441620
1024.328000,0.02441620
1024.336000,0.02441620
1024.344000,0.02441620
1024.352000,0.01833141
1024.360000,0.02441620
1024.368000,0.03050100
1024.376000,0.01833141
1024.384000,0.00608480
1024.392000,-0.00608480
1024.400000,0.00608480
1024.408000,0.01833141
1024.416000,0.01216959
1024.424000,0.01833141
1024.432000,0.01833141
1024.440000,0.02441620
1024.448000,0.04274761
1024.456000,0.01216959
1024.464000,0.03050100
1024.472000,0.01216959
1024.480000,0.01216959
1024.488000,0.01833141
1024.496000,0.00608480
1024.504000,0.01216959
1024.512000,0.00608480
1024.520000,0.03050100
1024.528000,0.03050100
1024.536000,0.01216959
1024.544000,0.03050100
1024.552000,0.02441620
1024.560000,0.03050100
1024.568000,0.03050100
1024.576000,0.02441620
1024.584000,0.02441620
1024.592000,0.01216959
1024.600000,0.01833141
1024.608000,0.00000000
1024.616000,0.00608480
1024.624000,0.01216959
1024.632000,0.01833141
1024.640000,0.01833141
1024.648000,0.02441620
1024.656000,0.03050100
1024.664000,0.01833141
1024.672000,0.01833141
1024.680000,0.03658580
1024.688000,0.02441620
1024.696000,0.01216959
1024.704000,0.01216959
1024.712000,0.00000000
1024.720000,0.01833141
1024.728000,0.01216959
1024.736000,0.00000000
1024.744000,0.03050100
1024.752000,0.03050100
1024.760000,0.02441620
1024.768000,0.01833141
1024.776000,0.02441620
1024.784000,0.02441620
1024.792000,0.00608480
1024.800000,0.01216959
1024.808000,0.02441620
1024.816000,0.01216959
1024.824000,0.01216959
1024.832000,0.00608480
1024.840000,0.03050100
1024.848000,0.01833141
1024.856000,0.02441620
1024.864000,0.04274761
1024.872000,0.01833141
1024.880000,0.00608480
1024.888000,0.01833141
1024.896000,0.01216959
1024.904000,0.02441620
1024.912000,0.01216959
1024.920000,0.01216959
1024.928000,0.01216959
1024.936000,0.01833141
1024.944000,0.02441620
1024.952000,0.01216959
1024.960000,0.02441620
1024.968000,0.02441620
1024.976000,0.02441620
1024.984000,0.03050100
1024.992000,0.01216959
1025.000000,0.01833141
1025.008000,0.00000000
1025.016000,0.01216959
1025.024000,0.03050100
1025.032000,0.00608480
1025.040000,0.01216959
1025.048000,0.01216959
1025.056000,0.03050100
1025.064000,0.04274761
1025.072000,0.02441620
1025.080000,0.02441620
1025.088000,0.01833141
1025.096000,0.02441620
1025.104000,0.03050100
1025.112000,0.00000000
1025.120000,0.01216959
1025.128000,0.00608480
1025.136000,0.01833141
1025.144000,0.01833141
1025.152000,0.01833141
1025.160000,0.03050100
1025.168000,0.01216959
1025.176000,0.03050100
1025.184000,0.03658580
1025.192000,0.02441620
1025.200000,0.02441620
1025.208000,0.02441620
1025.216000,0.01833141
1025.224000,-0.00608480
1025.232000,0.01216959
1025.240000,0.01216959
1025.248000,0.01216959
1025.256000,0.01216959
1025.264000,0.02441620
1025.272000,0.02441620
1025.280000,0.04274761
1025.288000,0.02441620
1025.296000,0.03050100
1025.304000,0.03658580
1025.312000,0.01216959
1025.320000,0.01833141
1025.328000,0.01216959
1025.336000,0.01833141
1025.344000,0.01216959
1025.352000,-0.01833141
1025.360000,0.01833141
1025.368000,0.02441620
1025.376000,0.02441620
1025.384000,0.01833141
1025.392000,0.03050100
1025.400000,0.03050100
1025.408000,0.01833141
1025.416000,0.01833141
1025.424000,0.03050100
1025.432000,0.00608480
1025.440000,0.01216959
1025.448000,0.01216959
1025.456000,0.02441620
1025.464000,0.01833141
1025.472000,0.01833141
1025.480000,0.04883241
1025.488000,0.01216959
1025.496000,0.02441620
1025.504000,0.03050100
1025.512000,0.02441620
1025.520000,0.02441620
1025.528000,0.01833141
1025.536000,0.01216959
1025.544000,0.00000000
1025.552000,0.02441620
1025.560000,0.02441620
1025.568000,0.00000000
1025.576000,0.01833141
1025.584000,0.02441620
1025.592000,0.02441620
1025.600000,0.03658580
1025.608000,0.02441620
1025.616000,0.03050100
1025.624000,0.01833141
1025.632000,0.01216959
1025.640000,0.01833141
1025.648000,0.01216959
1025.656000,0.00608480
1025.664000,0.01216959
1025.672000,0.01833141
1025.680000,0.02441620
1025.688000,0.01833141
1025.696000,0.01216959
1025.704000,0.02441620
1025.712000,0.03658580
1025.720000,0.03050100
1025.728000,0.00608480
1025.736000,0.02441620
1025.744000,0.01216959
1025.752000,0.01833141
1025.760000,0.01216959
1025.768000,0.01216959
1025.776000,0.01216959
1025.784000,0.00608480
1025.792000,0.02441620
1025.800000,0.03050100
1025.808000,0.02441620
1025.816000,0.03658580
1025.824000,0.03050100
1025.832000,0.02441620
1025.840000,0.01833141
1025.848000,0.01833141
1025.856000,0.01833141
1025.864000,0.00000000
1025.872000,0.01833141
1025.880000,0.01833141
1025.888000,0.01833141
1025.896000,0.02441620
1025.904000,0.02441620
1025.912000,0.01833141
1025.920000,0.02441620
1025.928000,0.03050100
1025.936000,0.04274761
1025.944000,0.01216959
1025.952000,0.01216959
1025.960000,0.01216959
1025.968000,-0.00608480
1025.976000,0.01833141
1025.984000,0.01833141
1025.992000,0.01833141
1026.000000,0.01833141
1026.008000,0.02441620
1026.016000,0.03658580
1026.024000,0.02441620
1026.032000,0.03050100
1026.040000,0.01833141
1026.048000,0.01833141
1026.056000,0.03050100
1026.064000,0.01216959
1026.072000,0.00608480
1026.080000,0.00608480
1026.088000,0.01216959
1026.096000,0.03050100
1026.104000,0.01216959
1026.112000,0.04274761
1026.120000,0.02441620
1026.128000,0.02441620
1026.136000,0.03050100
1026.144000,0.03050100
1026.152000,0.02441620
1026.160000,0.01216959
1026.168000,0.02441620
1026.176000,0.01833141
1026.184000,-0.01224661
1026.192000,0.01216959
1026.200000,0.01216959
1026.208000,0.01833141
1026.216000,0.03050100
1026.224000,0.02441620
1026.232000,0.03050100
1026.240000,0.03050100
1026.248000,0.01833141
1026.256000,0.03050100
1026.264000,0.01216959
1026.272000,0.01833141
1026.280000,0.00608480
1026.288000,0.00608480
1026.296000,0.01216959
1026.304000,0.01216959
1026.312000,0.01833141
1026.320000,0.01216959
1026.328000,0.02441620
1026.336000,0.02441620
1026.344000,0.01833141
1026.352000,0.03658580
1026.360000,0.01216959
1026.368000,0.01216959
1026.376000,0.01833141
1026.384000,-0.00608480
1026.392000,0.01216959
1026.400000,0.01833141
1026.408000,0.01833141
1026.416000,0.02441620
1026.424000,0.03050100
1026.432000,0.03658580
1026.440000,0.03658580
1026.448000,0.02441620
1026.456000,0.03050100
1026.464000,0.02441620
1026.472000,0.01833141
1026.480000,0.01216959
1026.488000,0.01216959
1026.496000,0.00608480
1026.504000,0.01216959
1026.512000,0.02441620
1026.520000,0.01216959
1026.528000,0.00608480
1026.536000,0.01833141
1026.544000,0.03050100
1026.552000,0.04274761
1026.560000,0.01833141
1026.568000,0.02441620
1026.576000,0.02441620
1026.584000,0.01833141
1026.592000,0.02441620
1026.600000,0.00000000
1026.608000,0.01216959
1026.616000,0.00608480
1026.624000,0.01216959
1026.632000,0.03050100
1026.640000,0.01833141
1026.648000,0.02441620
1026.656000,0.00000000
1026.664000,0.02441620
1026.672000,0.04274761
1026.680000,0.01833141
1026.688000,0.01216959
1026.696000,0.01216959
1026.704000,0.00608480
1026.712000,0.01833141
1026.720000,0.01216959
1026.728000,0.03050100
1026.736000,0.00608480
1026.744000,0.03050100
1026.752000,0.03050100
1026.760000,0.01833141
1026.768000,0.02441620
1026.776000,0.01833141
1026.784000,0.02441620
1026.792000,0.01833141
1026.800000,0.00000000
1026.808000,0.01216959
1026.816000,0.01216959
1026.824000,0.01833141
1026.832000,0.01216959
1026.840000,0.01216959
1026.848000,0.03050100
1026.856000,0.01833141
1026.864000,0.02441620
1026.872000,0.02441620
1026.880000,0.01833141
1026.888000,0.03050100
1026.896000,0.02441620
1026.904000,0.01216959
1026.912000,0.01833141
1026.920000,0.01216959
1026.928000,0.02441620
1026.936000,0.02441620
1026.944000,0.02441620
1026.952000,0.02441620
1026.960000,0.02441620
1026.968000,0.03050100
1026.976000,0.01833141
1026.984000,0.03658580
1026.992000,0.01216959
1027.000000,0.00000000
1027.008000,0.01833141
1027.016000,0.01216959
1027.024000,0.01216959
1027.032000,0.01216959
1027.040000,0.01833141
1027.048000,0.02441620
1027.056000,0.01833141
1027.064000,0.03050100
1027.072000,0.02441620
1027.080000,0.03050100
1027.088000,0.02441620
1027.096000,0.01216959
1027.104000,0.02441620
1027.112000,0.00608480
1027.120000,0.00608480
1027.128000,0.03050100
1027.136000,0.01216959
1027.144000,0.02441620
1027.152000,0.01216959
1027.160000,0.01216959
1027.168000,0.03050100
1027.176000,0.01833141
1027.184000,0.01833141
1027.192000,0.00608480
1027.200000,0.01216959
1027.208000,0.02441620
1027.216000,-0.01224661
1027.224000,0.02441620
1027.232000,0.00608480
1027.240000,0.01833141
1027.248000,0.01833141
1027.256000,0.01833141
1027.264000,0.03050100
1027.272000,0.01216959
1027.280000,0.03050100
1027.288000,0.03050100
1027.296000,0.01833141
1027.304000,0.02441620
1027.312000,0.00000000
1027.320000,0.01216959
1027.328000,0.01833141
1027.336000,0.00000000
1027.344000,0.00608480
1027.352000,0.00608480
1027.360000,0.03050100
1027.368000,0.01833141
1027.376000,0.01216959
1027.384000,0.03050100
1027.392000,0.01216959
1027.400000,0.02441620
1027.408000,0.02441620
1027.416000,0.03050100
1027.424000,0.01833141
1027.432000,0.00608480
1027.440000,0.01216959
1027.448000,0.02441620
1027.456000,0.01833141
1027.464000,0.02441620
1027.472000,0.01833141
1027.480000,0.02441620
1027.488000,0.01216959
1027.496000,0.01833141
1027.504000,0.02441620
1027.512000,0.01216959
1027.520000,0.01833141
1027.528000,0.00608480
1027.536000,0.01216959
1027.544000,0.02441620
1027.552000,0.01216959
1027.560000,0.01216959
1027.568000,0.01833141
1027.576000,0.02441620
1027.584000,0.03050100
1027.592000,0.02441620
1027.600000,0.03050100
1027.608000,0.01833141
1027.616000,0.01833141
1027.624000,0.02441620
1027.632000,0.01833141
1027.640000,0.01216959
1027.648000,0.01216959
1027.656000,0.01216959
1027.664000,0.01833141
1027.672000,0.01833141
1027.680000,0.01833141
1027.688000,0.00000000
1027.696000,0.03050100
1027.704000,0.04274761
1027.712000,0.02441620
1027.720000,0.01216959
1027.728000,0.01216959
1027.736000,0.01216959
1027.744000,0.01833141
1027.752000,0.01216959
1027.760000,0.03050100
1027.768000,0.01216959
1027.776000,0.01216959
1027.784000,0.03050100
1027.792000,0.02441620
1027.800000,0.03658580
1027.808000,0.01833141
1027.816000,0.02441620
1027.824000,0.03658580
1027.832000,0.00608480
1027.840000,0.02441620
1027.848000,0.00000000
1027.856000,0.02441620
1027.864000,0.00608480
1027.872000,0.01216959
1027.880000,0.02441620
1027.888000,0.01216959
1027.896000,0.01833141
1027.904000,0.01833141
1027.912000,0.03050100
1027.920000,0.03050100
1027.928000,0.01833141
1027.936000,0.01216959
1027.944000,0.02441620
1027.952000,0.00608480
1027.960000,-0.00608480
1027.968000,0.00000000
1027.976000,0.03050100
1027.984000,0.01216959
1027.992000,0.02441620
1028.000000,0.04883241
1028.008000,0.01833141
1028.016000,0.02441620
1028.024000,0.03050100
1028.032000,0.03050100
1028.040000,0.03050100
1028.048000,0.01833141
1028.056000,0.01833141
1028.064000,0.01216959
1028.072000,0.01216959
1028.080000,0.02441620
1028.088000,0.01216959
1028.096000,0.01216959
1028.104000,0.02441620
1028.112000,0.02441620
1028.120000,0.03050100
1028.128000,0.01833141
1028.136000,0.03050100
1028.144000,0.02441620
1028.152000,0.01833141
1028.160000,0.02441620
1028.168000,0.01833141
1028.176000,0.00608480
1028.184000,0.01833141
1028.192000,0.01833141
1028.200000,0.02441620
1028.208000,0.01216959
1028.216000,0.02441620
1028.224000,0.01833141
1028.232000,0.02441620
1028.240000,0.03050100
1028.248000,0.01216959
1028.256000,0.02441620
1028.264000,0.00608480
1028.272000,0.02441620
1028.280000,0.01833141
1028.288000,0.01216959
1028.296000,0.03050100
1028.304000,0.00608480
1028.312000,0.02441620
1028.320000,0.03658580
1028.328000,0.01833141
1028.336000,0.01833141
1028.344000,0.02441620
1028.352000,0.02441620
1028.360000,0.02441620
1028.368000,0.01216959
1028.376000,0.02441620
1028.384000,0.00608480
1028.392000,0.01833141
1028.400000,0.01833141
1028.408000,0.02441620
1028.416000,0.03050100
1028.424000,0.01216959
1028.432000,0.03050100
1028.440000,0.01833141
1028.448000,0.01833141
1028.456000,0.03050100
1028.464000,0.01216959
1028.472000,0.03050100
1028.480000,0.02441620
1028.488000,0.01216959
1028.496000,0.02441620
1028.504000,0.02441620
1028.512000,0.01833141
1028.520000,0.01216959
1028.528000,0.01833141
1028.536000,0.03050100
1028.544000,0.02441620
1028.552000,0.02441620
1028.560000,0.01216959
1028.568000,0.01833141
1028.576000,0.01833141
1028.584000,0.01833141
1028.592000,0.01833141
1028.600000,0.01833141
1028.608000,0.02441620
1028.616000,0.02441620
1028.624000,0.01833141
1028.632000,0.02441620
1028.640000,0.01833141
1028.648000,0.00608480
1028.656000,0.03050100
1028.664000,0.02441620
1028.672000,0.02441620
1028.680000,0.01216959
1028.688000,0.01833141
1028.696000,0.03050100
1028.704000,0.01833141
1028.712000,0.01833141
1028.720000,0.03050100
1028.728000,0.02441620
1028.736000,0.03050100
1028.744000,0.01833141
1028.752000,0.02441620
1028.760000,0.01216959
1028.768000,0.01833141
1028.776000,0.02441620
1028.784000,0.01216959
1028.792000,0.01216959
1028.800000,0.01833141
1028.808000,0.01833141
1028.816000,0.01833141
1028.824000,0.01216959
1028.832000,0.03050100
1028.840000,0.01216959
1028.848000,0.01833141
1028.856000,0.03050100
1028.864000,0.01833141
1028.872000,0.02441620
1028.880000,0.02441620
1028.888000,0.01833141
1028.896000,0.01833141
1028.904000,0.01216959
1028.912000,0.02441620
1028.920000,0.01833141
1028.928000,0.03050100
1028.936000,0.03050100
1028.944000,0.01216959
1028.952000,0.02441620
1028.960000,0.01833141
1028.968000,0.01833141
1028.976000,0.02441620
1028.984000,0.01833141
1028.992000,0.00608480
1029.000000,0.01216959
1029.008000,0.02441620
1029.016000,0.02441620
1029.024000,0.01833141
1029.032000,0.03050100
1029.040000,0.02441620
1029.048000,0.02441620
1029.056000,0.01833141
1029.064000,0.03050100
1029.072000,0.03050100
1029.080000,0.01833141
1029.088000,0.02441620
1029.096000,0.02441620
1029.104000,0.01833141
1029.112000,0.03050100
1029.120000,0.01833141
1029.128000,0.01216959
1029.136000,0.01216959
1029.144000,0.02441620
1029.152000,0.02441620
1029.160000,0.02441620
1029.168000,0.03050100
1029.176000,0.01216959
1029.184000,0.02441620
1029.192000,0.03050100
1029.200000,0.01216959
1029.208000,0.00608480
1029.216000,0.01216959
1029.224000,0.02441620
1029.232000,0.02441620
1029.240000,0.01216959
1029.248000,0.03050100
1029.256000,0.01833141
1029.264000,0.00000000
1029.272000,0.03050100
1029.280000,0.03050100
1029.288000,0.02441620
1029.296000,0.01216959
1029.304000,0.02441620
1029.312000,0.02441620
1029.320000,0.01833141
1029.328000,0.04274761
1029.336000,0.04274761
1029.344000,0.05491720
1029.352000,0.04883241
1029.360000,0.01833141
1029.368000,0.02441620
1029.376000,0.02441620
1029.384000,0.01833141
1029.392000,0.02441620
1029.400000,0.01216959
1029.408000,0.03050100
1029.416000,0.01833141
1029.424000,0.01833141
1029.432000,0.02441620
1029.440000,0.01833141
1029.448000,0.02441620
1029.456000,0.01216959
1029.464000,0.02441620
1029.472000,0.02441620
1029.480000,0.00000000
1029.488000,0.03050100
1029.496000,0.01216959
1029.504000,0.02441620
1029.512000,0.03050100
1029.520000,0.02441620
1029.528000,0.03658580
1029.536000,0.01216959
1029.544000,0.01833141
1029.552000,0.03050100
1029.560000,0.01833141
1029.568000,0.03050100
1029.576000,0.01833141
1029.584000,0.01833141
1029.592000,0.01216959
1029.600000,0.01833141
1029.608000,0.02441620
1029.616000,0.01833141
1029.624000,0.02441620
1029.632000,0.01833141
1029.640000,0.02441620
1029.648000,0.03050100
1029.656000,0.01216959
1029.664000,0.01833141
1029.672000,0.02441620
1029.680000,0.01833141
1029.688000,0.03050100
1029.696000,0.01833141
1029.704000,0.01833141
1029.712000,0.01833141
1029.720000,0.01216959
1029.728000,0.03050100
1029.736000,0.01833141
1029.744000,0.01833141
1029.752000,0.02441620
1029.760000,0.01833141
1029.768000,0.02441620
1029.776000,0.01833141
1029.784000,0.02441620
1029.792000,0.01216959
1029.800000,0.02441620
1029.808000,0.03050100
1029.816000,0.01833141
1029.824000,0.01216959
1029.832000,0.01833141
1029.840000,0.02441620
1029.848000,0.03050100
1029.856000,0.01216959
1029.864000,0.01833141
1029.872000,0.01216959
1029.880000,0.03050100
1029.888000,0.03050100
1029.896000,0.01216959
1029.904000,0.02441620
1029.912000,0.01833141
1029.920000,0.02441620
1029.928000,0.01833141
1029.936000,0.01216959
1029.944000,0.01833141
1029.952000,-0.01224661
1029.960000,0.02441620
1029.968000,0.03658580
1029.976000,0.02441620
1029.984000,0.02441620
1029.992000,0.01833141
1030.000000,0.03050100
