time_ms,value
992.000000,-41.00157508
992.008000,-40.90950685
992.016000,-40.86425297
992.024000,-41.01561939
992.032000,-40.66451171
992.040000,-41.00157508
992.048000,-40.97036551
992.056000,-40.81743861
992.064000,-40.95476073
992.072000,-40.78778952
992.080000,-40.93915594
992.088000,-40.86425297
992.096000,-40.77218473
992.104000,-40.98597030
992.112000,-40.74097516
992.120000,-40.90950685
992.128000,-40.83304340
992.136000,-40.77218473
992.144000,-40.95476073
992.152000,-40.74097516
992.160000,-41.07647806
992.168000,-40.84864818
992.176000,-41.00157508
992.184000,-41.00157508
992.192000,-40.81743861
992.200000,-41.03122418
992.208000,-40.95476073
992.216000,-40.92511163
992.224000,-40.95476073
992.232000,-40.81743861
992.240000,-41.00157508
992.248000,-40.84864818
992.256000,-40.93915594
992.264000,-40.98597030
992.272000,-40.80183382
992.280000,-41.03122418
992.288000,-40.86425297
992.296000,-40.86425297
992.304000,-40.71132607
992.312000,-40.72693085
992.320000,-40.84864818
992.328000,-40.78778952
992.336000,-40.89390206
992.344000,-40.92511163
992.352000,-40.74097516
992.360000,-41.03122418
992.368000,-40.90950685
992.376000,-40.83304340
992.384000,-40.87829728
992.392000,-40.78778952
992.400000,-40.98597030
992.408000,-40.84864818
992.416000,-40.97036551
992.424000,-40.95476073
992.432000,-40.83304340
992.440000,-41.03122418
992.448000,-41.09208284
992.456000,-41.04682896
992.464000,-41.01561939
992.472000,-40.84864818
992.480000,-41.04682896
992.488000,-40.89390206
992.496000,-40.97036551
992.504000,-41.00157508
992.512000,-40.81743861
992.520000,-41.09208284
992.528000,-40.84864818
992.536000,-40.95476073
992.544000,-40.87829728
992.552000,-40.80183382
992.560000,-40.93915594
992.568000,-40.80183382
992.576000,-41.01561939
992.584000,-40.93915594
992.592000,-40.72693085
992.600000,-41.01561939
992.608000,-40.77218473
992.616000,-40.92511163
992.624000,-40.81743861
992.632000,-40.83304340
992.640000,-40.95476073
992.648000,-40.61925783
992.656000,-41.06243375
992.664000,-40.97036551
992.672000,-40.93915594
992.680000,-41.00157508
992.688000,-40.86425297
992.696000,-41.00157508
992.704000,-40.86425297
992.712000,-40.83304340
992.720000,-40.77218473
992.728000,-40.68011649
992.736000,-40.93915594
992.744000,-40.86425297
992.752000,-40.86425297
992.760000,-40.95476073
992.768000,-40.78778952
992.776000,-41.09208284
992.784000,-40.90950685
992.792000,-41.01561939
992.800000,-40.90950685
992.808000,-40.69572128
992.816000,-40.86425297
992.824000,-40.77218473
992.832000,-40.86425297
992.840000,-40.87829728
992.848000,-40.83304340
992.856000,-41.01561939
992.864000,-40.93915594
992.872000,-40.97036551
992.880000,-40.93915594
992.888000,-40.80183382
992.896000,-41.04682896
992.904000,-40.89390206
992.912000,-40.95476073
992.920000,-40.84864818
992.928000,-40.77218473
992.936000,-40.89390206
992.944000,-40.86425297
992.952000,-40.93915594
992.960000,-40.89390206
992.968000,-40.78778952
992.976000,-41.01561939
992.984000,-40.90950685
992.992000,-40.77218473
993.000000,-40.95476073
993.008000,-40.83304340
993.016000,-40.89390206
993.024000,-40.69572128
993.032000,-40.83304340
993.040000,-40.78778952
993.048000,-40.71132607
993.056000,-40.87829728
993.064000,-40.81743861
993.072000,-40.93915594
993.080000,-40.98597030
993.088000,-40.93915594
993.096000,-41.12329242
993.104000,-40.89390206
993.112000,-40.98597030
993.120000,-40.92511163
993.128000,-40.83304340
993.136000,-41.13889720
993.144000,-40.78778952
993.152000,-40.97036551
993.160000,-40.90950685
993.168000,-40.83304340
993.176000,-40.93915594
993.184000,-40.74097516
993.192000,-41.10768763
993.200000,-40.89390206
993.208000,-40.87829728
993.216000,-40.95476073
993.224000,-40.75657995
993.232000,-40.93915594
993.240000,-40.84864818
993.248000,-40.81743861
993.256000,-40.86425297
993.264000,-40.65046740
993.272000,-40.90950685
993.280000,-40.69572128
993.288000,-40.86425297
993.296000,-40.97036551
993.304000,-40.78778952
993.312000,-41.04682896
993.320000,-40.95476073
993.328000,-40.95476073
993.336000,-40.77218473
993.344000,-40.77218473
993.352000,-40.97036551
993.360000,-40.77218473
993.368000,-40.77218473
993.376000,-40.86425297
993.384000,-40.77218473
993.392000,-41.03122418
993.400000,-40.89390206
993.408000,-41.00157508
993.416000,-40.97036551
993.424000,-40.78778952
993.432000,-40.97036551
993.440000,-40.78778952
993.448000,-40.84864818
993.456000,-40.77218473
993.464000,-40.77218473
993.472000,-40.81743861
993.480000,-40.69572128
993.488000,-40.83304340
993.496000,-40.86425297
993.504000,-40.75657995
993.512000,-40.97036551
993.520000,-40.77218473
993.528000,-40.89390206
993.536000,-40.90950685
993.544000,-40.75657995
993.552000,-40.87829728
993.560000,-40.78778952
993.568000,-40.97036551
993.576000,-40.86425297
993.584000,-40.75657995
993.592000,-40.95476073
993.600000,-40.81743861
993.608000,-40.78778952
993.616000,-40.90950685
993.624000,-40.74097516
993.632000,-41.00157508
993.640000,-40.84864818
993.648000,-40.98597030
993.656000,-40.87829728
993.664000,-40.78778952
993.672000,-40.87829728
993.680000,-40.54279438
993.688000,-40.87829728
993.696000,-40.86425297
993.704000,-40.81743861
993.712000,-40.93915594
993.720000,-40.80183382
993.728000,-41.00157508
993.736000,-40.93915594
993.744000,-40.81743861
993.752000,-41.06243375
993.760000,-40.75657995
993.768000,-40.98597030
993.776000,-40.86425297
993.784000,-40.84864818
993.792000,-40.98597030
993.800000,-40.80183382
993.808000,-41.18415108
993.816000,-41.01561939
993.824000,-41.15294151
993.832000,-41.01561939
993.840000,-40.77218473
993.848000,-41.03122418
993.856000,-40.81743861
993.864000,-40.81743861
993.872000,-40.81743861
993.880000,-40.74097516
993.888000,-40.87829728
993.896000,-40.69572128
993.904000,-40.83304340
993.912000,-40.92511163
993.920000,-40.72693085
993.928000,-40.97036551
993.936000,-40.81743861
993.944000,-40.92511163
993.952000,-40.77218473
993.960000,-40.78778952
993.968000,-40.87829728
993.976000,-40.80183382
993.984000,-40.83304340
993.992000,-40.89390206
994.000000,-40.74097516
994.008000,-40.97036551
994.016000,-40.84864818
994.024000,-40.87829728
994.032000,-40.97036551
994.040000,-41.03122418
994.048000,-41.15294151
994.056000,-40.93915594
994.064000,-40.98597030
994.072000,-40.92511163
994.080000,-40.77218473
994.088000,-40.86425297
994.096000,-40.87829728
994.104000,-40.86425297
994.112000,-40.81743861
994.120000,-40.72693085
994.128000,-40.98597030
994.136000,-40.84864818
994.144000,-40.98597030
994.152000,-41.04682896
994.160000,-40.75657995
994.168000,-41.00157508
994.176000,-40.69572128
994.184000,-40.87829728
994.192000,-40.80183382
994.200000,-40.80183382
994.208000,-40.93915594
994.216000,-40.80183382
994.224000,-40.97036551
994.232000,-40.93915594
994.240000,-40.58960874
994.248000,-41.01561939
994.256000,-40.83304340
994.264000,-41.04682896
994.272000,-40.90950685
994.280000,-40.90950685
994.288000,-40.93915594
994.296000,-40.51314528
994.304000,-40.93915594
994.312000,-40.81743861
994.320000,-40.81743861
994.328000,-40.92511163
994.336000,-40.77218473
994.344000,-41.01561939
994.352000,-40.93915594
994.360000,-40.92511163
994.368000,-40.95476073
994.376000,-40.80183382
994.384000,-41.06243375
994.392000,-40.89390206
994.400000,-40.80183382
994.408000,-40.83304340
994.416000,-40.65046740
994.424000,-41.01561939
994.432000,-40.87829728
994.440000,-41.13889720
994.448000,-41.06243375
994.456000,-40.90950685
994.464000,-41.13889720
994.472000,-40.93915594
994.480000,-40.97036551
994.488000,-40.93915594
994.496000,-40.89390206
994.504000,-40.98597030
994.512000,-40.87829728
994.520000,-40.93915594
994.528000,-40.89390206
994.536000,-40.81743861
994.544000,-41.04682896
994.552000,-40.89390206
994.560000,-41.00157508
994.568000,-40.93915594
994.576000,-40.80183382
994.584000,-40.84864818
994.592000,-40.83304340
994.600000,-40.92511163
994.608000,-40.80183382
994.616000,-40.68011649
994.624000,-40.75657995
994.632000,-40.74097516
994.640000,-40.69572128
994.648000,-40.86425297
994.656000,-40.80183382
994.664000,-41.00157508
994.672000,-40.83304340
994.680000,-41.03122418
994.688000,-40.93915594
994.696000,-40.87829728
994.704000,-41.01561939
994.712000,-40.90950685
994.720000,-40.95476073
994.728000,-40.89390206
994.736000,-40.81743861
994.744000,-41.01561939
994.752000,-40.83304340
994.760000,-41.01561939
994.768000,-41.03122418
994.776000,-40.84864818
994.784000,-41.12329242
994.792000,-40.81743861
994.800000,-40.92511163
994.808000,-40.75657995
994.816000,-40.71132607
994.824000,-40.80183382
994.832000,-40.58960874
994.840000,-40.86425297
994.848000,-40.69572128
994.856000,-40.57400395
994.864000,-40.66451171
994.872000,-40.49754050
994.880000,-40.71132607
994.888000,-40.61925783
994.896000,-40.54279438
994.904000,-40.55839916
994.912000,-40.17764239
994.920000,-40.52718959
994.928000,-40.25254536
994.936000,-40.40547226
994.944000,-40.51314528
994.952000,-40.31496450
994.960000,-40.54279438
994.968000,-40.48193571
994.976000,-40.52718959
994.984000,-40.37582317
994.992000,-40.28375493
995.000000,-40.54279438
995.008000,-40.37582317
995.016000,-40.40547226
995.024000,-40.38986748
995.032000,-40.22289627
995.040000,-40.49754050
995.048000,-40.32900881
995.056000,-40.51314528
995.064000,-40.36021838
995.072000,-40.23850105
995.080000,-40.46633093
995.088000,-40.32900881
995.096000,-40.46633093
995.104000,-40.43668183
995.112000,-40.37582317
995.120000,-40.49754050
995.128000,-40.48193571
995.136000,-40.45228662
995.144000,-40.40547226
995.152000,-40.28375493
995.160000,-40.48193571
995.168000,-40.36021838
995.176000,-40.54279438
995.184000,-40.55839916
995.192000,-40.34461360
995.200000,-40.49754050
995.208000,-40.40547226
995.216000,-40.49754050
995.224000,-40.36021838
995.232000,-40.26815015
995.240000,-40.38986748
995.248000,-40.19168669
995.256000,-40.23850105
995.264000,-40.42107705
995.272000,-40.29935972
995.280000,-40.51314528
995.288000,-40.49754050
995.296000,-40.71132607
995.304000,-40.51314528
995.312000,-40.32900881
995.320000,-40.43668183
995.328000,-40.04032027
995.336000,-40.32900881
995.344000,-40.26815015
995.352000,-40.26815015
995.360000,-40.31496450
995.368000,-40.16203760
995.376000,-40.45228662
995.384000,-40.37582317
995.392000,-40.31496450
995.400000,-40.48193571
995.408000,-40.16203760
995.416000,-40.42107705
995.424000,-40.25254536
995.432000,-40.29935972
995.440000,-40.32900881
995.448000,-40.02471548
995.456000,-40.42107705
995.464000,-40.17764239
995.472000,-40.26815015
995.480000,-40.22289627
995.488000,-40.08557415
995.496000,-40.38986748
995.504000,-40.28375493
995.512000,-40.28375493
995.520000,-40.28375493
995.528000,-40.08557415
995.536000,-40.29935972
995.544000,-40.06996936
995.552000,-40.23850105
995.560000,-40.23850105
995.568000,-40.04032027
995.576000,-40.29935972
995.584000,-40.25254536
995.592000,-40.28375493
995.600000,-40.05436458
995.608000,-40.14643281
995.616000,-40.34461360
995.624000,-40.20729148
995.632000,-40.25254536
995.640000,-40.23850105
995.648000,-40.06996936
995.656000,-40.26815015
995.664000,-40.11522324
995.672000,-40.20729148
995.680000,-40.20729148
995.688000,-40.13082803
995.696000,-40.25254536
995.704000,-40.10117894
995.712000,-40.28375493
995.720000,-40.13082803
995.728000,-40.11522324
995.736000,-40.25254536
995.744000,-40.22289627
995.752000,-40.19168669
995.760000,-40.10117894
995.768000,-40.02471548
995.776000,-40.16203760
995.784000,-40.06996936
995.792000,-40.28375493
995.800000,-40.29935972
995.808000,-40.19168669
995.816000,-40.42107705
995.824000,-40.16203760
995.832000,-40.32900881
995.840000,-40.26815015
995.848000,-40.26815015
995.856000,-40.23850105
995.864000,-40.04032027
995.872000,-40.28375493
995.880000,-40.14643281
995.888000,-40.06996936
995.896000,-40.23850105
995.904000,-40.10117894
995.912000,-40.36021838
995.920000,-40.20729148
995.928000,-40.19168669
995.936000,-40.28375493
995.944000,-39.82653470
995.952000,-40.23850105
995.960000,-40.08557415
995.968000,-40.13082803
995.976000,-40.14643281
995.984000,-40.02471548
995.992000,-40.25254536
996.000000,-40.19168669
996.008000,-40.19168669
996.016000,-40.29935972
996.024000,-40.10117894
996.032000,-40.42107705
996.040000,-40.28375493
996.048000,-40.34461360
996.056000,-40.32900881
996.064000,-40.13082803
996.072000,-40.46633093
996.080000,-40.20729148
996.088000,-40.38986748
996.096000,-40.22289627
996.104000,-40.05436458
996.112000,-40.32900881
996.120000,-40.16203760
996.128000,-40.29935972
996.136000,-40.31496450
996.144000,-40.28375493
996.152000,-40.29935972
996.160000,-40.17764239
996.168000,-40.52718959
996.176000,-40.13082803
996.184000,-40.00911070
996.192000,-40.22289627
996.200000,-40.02471548
996.208000,-40.16203760
996.216000,-40.05436458
996.224000,-40.10117894
996.232000,-40.20729148
996.240000,-40.20729148
996.248000,-40.38986748
996.256000,-40.31496450
996.264000,-40.11522324
996.272000,-40.29935972
996.280000,-40.16203760
996.288000,-40.16203760
996.296000,-40.22289627
996.304000,-40.16203760
996.312000,-40.31496450
996.320000,-40.14643281
996.328000,-40.29935972
996.336000,-40.23850105
996.344000,-40.20729148
996.352000,-40.31496450
996.360000,-40.25254536
996.368000,-40.37582317
996.376000,-40.23850105
996.384000,-40.13082803
996.392000,-40.22289627
996.400000,-40.10117894
996.408000,-40.31496450
996.416000,-40.22289627
996.424000,-40.10117894
996.432000,-40.42107705
996.440000,-40.05436458
996.448000,-40.26815015
996.456000,-40.19168669
996.464000,-40.19168669
996.472000,-40.31496450
996.480000,-40.14643281
996.488000,-40.45228662
996.496000,-40.22289627
996.504000,-40.17764239
996.512000,-40.25254536
996.520000,-40.05436458
996.528000,-40.29935972
996.536000,-40.25254536
996.544000,-40.29935972
996.552000,-40.32900881
996.560000,-40.10117894
996.568000,-40.38986748
996.576000,-40.13082803
996.584000,-40.10117894
996.592000,-40.13082803
996.600000,-39.96385682
996.608000,-40.20729148
996.616000,-40.05436458
996.624000,-40.14643281
996.632000,-40.04032027
996.640000,-40.04032027
996.648000,-40.32900881
996.656000,-40.16203760
996.664000,-40.20729148
996.672000,-40.22289627
996.680000,-40.06996936
996.688000,-40.31496450
996.696000,-40.14643281
996.704000,-40.34461360
996.712000,-40.19168669
996.720000,-40.13082803
996.728000,-40.32900881
996.736000,-40.14643281
996.744000,-40.25254536
996.752000,-40.20729148
996.760000,-40.20729148
996.768000,-40.25254536
996.776000,-40.22289627
996.784000,-40.28375493
996.792000,-40.14643281
996.800000,-40.11522324
996.808000,-40.25254536
996.816000,-40.08557415
996.824000,-40.20729148
996.832000,-40.14643281
996.840000,-40.05436458
996.848000,-40.11522324
996.856000,-40.02471548
996.864000,-40.25254536
996.872000,-40.16203760
996.880000,-40.13082803
996.888000,-40.25254536
996.896000,-40.05436458
996.904000,-39.99350591
996.912000,-40.08557415
996.920000,-40.05436458
996.928000,-40.23850105
996.936000,-40.08557415
996.944000,-40.28375493
996.952000,-40.17764239
996.960000,-40.19168669
996.968000,-40.31496450
996.976000,-40.05436458
996.984000,-40.37582317
996.992000,-40.26815015
997.000000,-40.13082803
997.008000,-40.20729148
997.016000,-40.05436458
997.024000,-40.28375493
997.032000,-40.16203760
997.040000,-40.14643281
997.048000,-40.32900881
997.056000,-40.02471548
997.064000,-40.28375493
997.072000,-40.11522324
997.080000,-40.17764239
997.088000,-40.23850105
997.096000,-40.05436458
997.104000,-40.32900881
997.112000,-40.06996936
997.120000,-40.20729148
997.128000,-40.10117894
997.136000,-39.94825203
997.144000,-40.22289627
997.152000,-40.19168669
997.160000,-40.23850105
997.168000,-40.28375493
997.176000,-40.17764239
997.184000,-40.37582317
997.192000,-40.13082803
997.200000,-40.34461360
997.208000,-40.28375493
997.216000,-40.06996936
997.224000,-40.22289627
997.232000,-40.10117894
997.240000,-40.14643281
997.248000,-39.93264725
997.256000,-39.96385682
997.264000,-40.22289627
997.272000,-40.14643281
997.280000,-40.25254536
997.288000,-40.19168669
997.296000,-40.04032027
997.304000,-40.26815015
997.312000,-40.02471548
997.320000,-40.10117894
997.328000,-40.08557415
997.336000,-40.08557415
997.344000,-40.16203760
997.352000,-40.05436458
997.360000,-40.28375493
997.368000,-40.16203760
997.376000,-40.19168669
997.384000,-40.25254536
997.392000,-40.29935972
997.400000,-40.26815015
997.408000,-40.19168669
997.416000,-40.11522324
997.424000,-40.28375493
997.432000,-40.06996936
997.440000,-40.22289627
997.448000,-40.23850105
997.456000,-40.05436458
997.464000,-40.16203760
997.472000,-39.97790113
997.480000,-40.14643281
997.488000,-40.13082803
997.496000,-40.13082803
997.504000,-40.23850105
997.512000,-40.06996936
997.520000,-40.17764239
997.528000,-40.17764239
997.536000,-39.99350591
997.544000,-40.13082803
997.552000,-39.97790113
997.560000,-40.20729148
997.568000,-40.06996936
997.576000,-40.11522324
997.584000,-40.19168669
997.592000,-39.77972034
997.600000,-40.28375493
997.608000,-40.14643281
997.616000,-40.17764239
997.624000,-40.23850105
997.632000,-40.06996936
997.640000,-40.25254536
997.648000,-40.08557415
997.656000,-40.13082803
997.664000,-40.16203760
997.672000,-40.05436458
997.680000,-40.34461360
997.688000,-40.16203760
997.696000,-40.08557415
997.704000,-40.11522324
997.712000,-39.96385682
997.720000,-40.25254536
997.728000,-40.06996936
997.736000,-40.28375493
997.744000,-40.04032027
997.752000,-39.84057901
997.760000,-40.19168669
997.768000,-40.08557415
997.776000,-40.22289627
997.784000,-40.13082803
997.792000,-40.11522324
997.800000,-40.20729148
997.808000,-40.04032027
997.816000,-40.14643281
997.824000,-40.11522324
997.832000,-40.11522324
997.840000,-40.29935972
997.848000,-40.13082803
997.856000,-40.22289627
997.864000,-40.11522324
997.872000,-40.00911070
997.880000,-40.05436458
997.888000,-40.05436458
997.896000,-40.17764239
997.904000,-40.08557415
997.912000,-39.97790113
997.920000,-40.20729148
997.928000,-40.05436458
997.936000,-40.04032027
997.944000,-40.10117894
997.952000,-40.06996936
997.960000,-40.14643281
997.968000,-39.87178858
997.976000,-40.13082803
997.984000,-39.99350591
997.992000,-39.94825203
998.000000,-40.04032027
998.008000,-39.93264725
998.016000,-40.11522324
998.024000,-40.05436458
998.032000,-39.97790113
998.040000,-40.04032027
998.048000,-39.87178858
998.056000,-40.14643281
998.064000,-40.19168669
998.072000,-40.04032027
998.080000,-40.28375493
998.088000,-39.96385682
998.096000,-40.19168669
998.104000,-40.10117894
998.112000,-40.08557415
998.120000,-40.14643281
998.128000,-39.94825203
998.136000,-40.22289627
998.144000,-40.02471548
998.152000,-39.93264725
998.160000,-40.02471548
998.168000,-39.85618380
998.176000,-40.08557415
998.184000,-39.97790113
998.192000,-39.97790113
998.200000,-39.99350591
998.208000,-39.62835392
998.216000,-40.08557415
998.224000,-39.88739337
998.232000,-40.04032027
998.240000,-40.04032027
998.248000,-39.85618380
998.256000,-40.04032027
998.264000,-39.97790113
998.272000,-40.04032027
998.280000,-39.88739337
998.288000,-39.91704246
998.296000,-40.22289627
998.304000,-40.04032027
998.312000,-40.11522324
998.320000,-40.10117894
998.328000,-39.99350591
998.336000,-40.23850105
998.344000,-40.05436458
998.352000,-40.23850105
998.360000,-40.04032027
998.368000,-39.91704246
998.376000,-40.10117894
998.384000,-39.96385682
998.392000,-40.11522324
998.400000,-39.96385682
998.408000,-39.96385682
998.416000,-40.10117894
998.424000,-40.04032027
998.432000,-40.08557415
998.440000,-40.00911070
998.448000,-39.94825203
998.456000,-40.11522324
998.464000,-39.91704246
998.472000,-40.08557415
998.480000,-40.05436458
998.488000,-39.90299815
998.496000,-39.96385682
998.504000,-39.88739337
998.512000,-40.16203760
998.520000,-40.11522324
998.528000,-40.04032027
998.536000,-40.22289627
998.544000,-39.97790113
998.552000,-40.04032027
998.560000,-40.13082803
998.568000,-40.04032027
998.576000,-40.17764239
998.584000,-39.97790113
998.592000,-40.19168669
998.600000,-40.04032027
998.608000,-39.99350591
998.616000,-40.08557415
998.624000,-39.79532513
998.632000,-40.13082803
998.640000,-40.05436458
998.648000,-39.97790113
998.656000,-40.02471548
998.664000,-39.87178858
998.672000,-40.04032027
998.680000,-39.97790113
998.688000,-39.94825203
998.696000,-40.13082803
998.704000,-39.79532513
998.712000,-40.05436458
998.720000,-39.96385682
998.728000,-40.02471548
998.736000,-40.11522324
998.744000,-40.00911070
998.752000,-40.36021838
998.760000,-40.05436458
998.768000,-40.19168669
998.776000,-40.10117894
998.784000,-39.94825203
998.792000,-40.20729148
998.800000,-40.06996936
998.808000,-40.08557415
998.816000,-40.02471548
998.824000,-39.85618380
998.832000,-40.11522324
998.840000,-39.87178858
998.848000,-40.00911070
998.856000,-40.04032027
998.864000,-39.87178858
998.872000,-40.10117894
998.880000,-39.93264725
998.888000,-40.06996936
998.896000,-39.79532513
998.904000,-39.90299815
998.912000,-40.06996936
998.920000,-39.93264725
998.928000,-40.05436458
998.936000,-40.00911070
998.944000,-39.91704246
998.952000,-40.10117894
998.960000,-39.96385682
998.968000,-40.20729148
998.976000,-40.14643281
998.984000,-40.13082803
998.992000,-40.22289627
999.000000,-40.05436458
999.008000,-40.20729148
999.016000,-40.08557415
999.024000,-39.99350591
999.032000,-40.14643281
999.040000,-40.13082803
999.048000,-40.13082803
999.056000,-40.06996936
999.064000,-40.04032027
999.072000,-40.14643281
999.080000,-39.91704246
999.088000,-40.10117894
999.096000,-40.14643281
999.104000,-39.90299815
999.112000,-40.08557415
999.120000,-39.87178858
999.128000,-40.11522324
999.136000,-39.99350591
999.144000,-40.02471548
999.152000,-40.08557415
999.160000,-39.88739337
999.168000,-40.16203760
999.176000,-40.04032027
999.184000,-39.96385682
999.192000,-40.16203760
999.200000,-40.02471548
999.208000,-40.23850105
999.216000,-40.14643281
999.224000,-40.19168669
999.232000,-40.65046740
999.240000,-39.82653470
999.248000,-40.19168669
999.256000,-40.06996936
999.264000,-40.10117894
999.272000,-40.10117894
999.280000,-39.99350591
999.288000,-40.22289627
999.296000,-40.13082803
999.304000,-40.17764239
999.312000,-40.16203760
999.320000,-40.02471548
999.328000,-40.17764239
999.336000,-39.93264725
999.344000,-40.00911070
999.352000,-40.02471548
999.360000,-39.88739337
999.368000,-40.19168669
999.376000,-39.97790113
999.384000,-40.31496450
999.392000,-40.10117894
999.400000,-39.96385682
999.408000,-40.19168669
999.416000,-40.11522324
999.424000,-40.20729148
999.432000,-40.16203760
999.440000,-40.17764239
999.448000,-40.26815015
999.456000,-40.04032027
999.464000,-40.25254536
999.472000,-40.20729148
999.480000,-40.08557415
999.488000,-40.20729148
999.496000,-40.00911070
999.504000,-40.16203760
999.512000,-40.00911070
999.520000,-40.06996936
999.528000,-40.11522324
999.536000,-40.06996936
999.544000,-40.26815015
999.552000,-40.16203760
999.560000,-40.06996936
999.568000,-40.22289627
999.576000,-40.00911070
999.584000,-40.00911070
999.592000,-40.08557415
999.600000,-40.05436458
999.608000,-40.16203760
999.616000,-39.94825203
999.624000,-40.36021838
999.632000,-40.25254536
999.640000,-40.29935972
999.648000,-40.52718959
999.656000,-40.49754050
999.664000,-40.61925783
999.672000,-40.58960874
999.680000,-40.58960874
999.688000,-40.54279438
999.696000,-40.25254536
999.704000,-40.46633093
999.712000,-40.34461360
999.720000,-40.29935972
999.728000,-40.49754050
999.736000,-40.17764239
999.744000,-40.36021838
999.752000,-40.25254536
999.760000,-40.32900881
999.768000,-40.37582317
999.776000,-40.17764239
999.784000,-40.52718959
999.792000,-40.29935972
999.800000,-40.23850105
999.808000,-40.25254536
999.816000,-40.10117894
999.824000,-40.29935972
999.832000,-40.20729148
999.840000,-40.26815015
999.848000,-40.34461360
999.856000,-40.13082803
999.864000,-40.46633093
999.872000,-40.28375493
999.880000,-40.45228662
999.888000,-40.45228662
999.896000,-40.26815015
999.904000,-40.46633093
999.912000,-40.34461360
999.920000,-40.42107705
999.928000,-40.20729148
999.936000,-40.26815015
999.944000,-40.51314528
999.952000,-40.29935972
999.960000,-40.40547226
999.968000,-40.38986748
999.976000,-40.26815015
999.984000,-40.48193571
999.992000,-40.29935972
1000.000000,-40.55839916
1000.008000,-40.34461360
1000.016000,-39.82653470
1000.024000,-39.97790113
1000.032000,-39.27724624
1000.040000,-39.27724624
1000.048000,-39.16957321
1000.056000,-38.94018286
1000.064000,-38.91053377
1000.072000,-38.78881644
1000.080000,-38.69674820
1000.088000,-38.55942608
1000.096000,-38.37685009
1000.104000,-38.28478185
1000.112000,-38.04134719
1000.120000,-38.08660107
1000.128000,-37.82756162
1000.136000,-37.78074726
1000.144000,-37.41559527
1000.152000,-37.15499535
1000.160000,-37.32352704
1000.168000,-37.01767323
1000.176000,-36.89595590
1000.184000,-36.98802414
1000.192000,-36.37787701
1000.200000,-36.25615968
1000.208000,-36.31701834
1000.216000,-35.95030587
1000.224000,-36.02676932
1000.232000,-35.73652031
1000.240000,-35.64445207
1000.248000,-35.47748086
1000.256000,-35.38541262
1000.264000,-35.26369529
1000.272000,-34.98905106
1000.280000,-35.08111930
1000.288000,-34.86733373
1000.296000,-34.80647506
1000.304000,-34.60673380
1000.312000,-34.39450871
1000.320000,-34.60673380
1000.328000,-34.10425969
1000.336000,-34.05744534
1000.344000,-34.19476745
1000.352000,-33.46290299
1000.360000,-33.61582989
1000.368000,-33.38643954
1000.376000,-33.11179531
1000.384000,-33.08214621
1000.392000,-32.69982896
1000.400000,-32.79189720
1000.408000,-32.53285775
1000.416000,-32.40957994
1000.424000,-32.10528661
1000.432000,-31.95235971
1000.440000,-31.78382802
1000.448000,-31.52478858
1000.456000,-31.58564724
1000.464000,-31.14403180
1000.472000,-30.93024623
1000.480000,-31.05196356
1000.488000,-30.44181643
1000.496000,-30.59474333
1000.504000,-30.38095777
1000.512000,-29.86131839
1000.520000,-29.99864051
1000.528000,-29.55702507
1000.536000,-29.35884429
1000.544000,-29.05299048
1000.552000,-28.80955582
1000.560000,-28.73309237
1000.568000,-28.58016547
1000.576000,-28.24466257
1000.584000,-27.99966743
1000.592000,-27.87795010
1000.600000,-27.48158854
1000.608000,-27.16169043
1000.616000,-27.29901254
1000.624000,-26.48912415
1000.632000,-26.35180203
1000.640000,-26.29094337
1000.648000,-25.32968855
1000.656000,-25.43736158
1000.664000,-25.07064911
1000.672000,-24.71954142
1000.680000,-24.73514621
1000.688000,-24.14060387
1000.696000,-23.74268182
1000.704000,-23.56010583
1000.712000,-22.78142701
1000.720000,-22.52238756
1000.728000,-22.29299721
1000.736000,-21.56113275
1000.744000,-21.28648851
1000.752000,-21.11795683
1000.760000,-20.09584335
1000.768000,-19.68387700
1000.776000,-19.68387700
1000.784000,-18.43237316
1000.792000,-18.18893850
1000.800000,-17.60844047
1000.808000,-16.38814621
1000.816000,-16.31168275
1000.824000,-15.21310582
1000.832000,-14.17538756
1000.840000,-14.20659713
1000.848000,-12.34494617
1000.856000,-11.70358946
1000.864000,-11.47575959
1000.872000,-9.29265003
1000.880000,-8.57639036
1000.888000,-8.07235577
1000.896000,-5.64581156
1000.904000,-5.40237690
1000.912000,-4.42551730
1000.920000,-1.02211348
1000.928000,-0.32145859
1000.936000,1.05176257
1000.944000,4.36309815
1000.952000,4.77506450
1000.960000,7.56832119
1000.968000,10.43648084
1000.976000,10.61905684
1000.984000,14.67786166
1000.992000,16.75329820
1001.000000,17.12001067
1001.008000,21.45345972
1001.016000,22.68935877
1001.024000,23.11692991
1001.032000,26.85427614
1001.040000,27.99966743
1001.048000,28.45688766
1001.056000,31.73701367
1001.064000,32.53129727
1001.072000,33.21790785
1001.080000,35.24653003
1001.088000,35.61324250
1001.096000,36.42157041
1001.104000,37.56696170
1001.112000,37.55135691
1001.120000,38.22236271
1001.128000,38.64993384
1001.136000,38.54382130
1001.144000,38.92457807
1001.152000,38.80286074
1001.160000,39.06190019
1001.168000,38.68114341
1001.176000,38.54382130
1001.184000,38.57347039
1001.192000,37.59661079
1001.200000,37.53575213
1001.208000,37.26110789
1001.216000,36.10167230
1001.224000,36.14692618
1001.232000,35.33859826
1001.240000,34.40855302
1001.248000,34.27123090
1001.256000,33.11179531
1001.264000,32.57655115
1001.272000,32.22544347
1001.280000,30.83817800
1001.288000,30.21242608
1001.296000,30.07510396
1001.304000,28.30396076
1001.312000,27.67820884
1001.320000,27.69381363
1001.328000,25.48105498
1001.336000,25.03943954
1001.344000,24.67272707
1001.352000,22.75021744
1001.360000,22.43031933
1001.368000,21.45345972
1001.376000,19.88205778
1001.384000,19.92731166
1001.392000,18.21858760
1001.400000,17.21207890
1001.408000,16.95147898
1001.416000,15.08982801
1001.424000,14.41882222
1001.432000,14.08331932
1001.440000,12.03909236
1001.448000,11.39773566
1001.456000,11.22920397
1001.464000,9.04765489
1001.472000,8.34543953
1001.480000,8.04114620
1001.488000,5.88924622
1001.496000,5.64581156
1001.504000,4.97324528
1001.512000,2.97427220
1001.520000,2.92901832
1001.528000,1.32640681
1001.536000,0.21378557
1001.544000,0.13732212
1001.552000,-1.52614807
1001.560000,-2.47179809
1001.568000,-2.79325669
1001.576000,-4.62369808
1001.584000,-5.23384521
1001.592000,-5.53969901
1001.600000,-7.59953076
1001.608000,-8.16442401
1001.616000,-8.42346346
1001.624000,-10.48329520
1001.632000,-11.07783755
1001.640000,-11.75040382
1001.648000,-13.73377211
1001.656000,-13.76342121
1001.664000,-14.99932026
1001.672000,-16.35849711
1001.680000,-16.38814621
1001.688000,-18.28100674
1001.696000,-19.08933465
1001.704000,-19.25786634
1001.712000,-21.28648851
1001.720000,-21.85138177
1001.728000,-22.11042121
1001.736000,-24.14060387
1001.744000,-24.61342888
1001.752000,-24.97858087
1001.760000,-26.87144141
1001.768000,-27.42072987
1001.776000,-28.03087700
1001.784000,-29.51177119
1001.792000,-29.63348852
1001.800000,-30.85378278
1001.808000,-32.24260873
1001.816000,-32.28786261
1001.824000,-33.76875680
1001.832000,-34.69880204
1001.840000,-34.65354816
1001.848000,-36.31701834
1001.856000,-37.01767323
1001.864000,-37.04888280
1001.872000,-38.80286074
1001.880000,-39.01664631
1001.888000,-39.39896357
1001.896000,-40.86425297
1001.904000,-41.22940496
1001.912000,-41.64137131
1001.920000,-42.58858182
1001.928000,-43.07545114
1001.936000,-43.67155396
1001.944000,-44.60159920
1001.952000,-44.67806265
1001.960000,-45.38027802
1001.968000,-46.11214248
1001.976000,-46.12774727
1001.984000,-47.02814342
1001.992000,-47.47131934
1002.000000,-47.22632420
1002.008000,-48.29525204
1002.016000,-48.38575980
1002.024000,-48.50747713
1002.032000,-49.36261940
1002.040000,-49.40787328
1002.048000,-49.91190786
1002.056000,-50.11008864
1002.064000,-50.40033766
1002.072000,-50.73584056
1002.080000,-51.02608958
1002.088000,-51.31633860
1002.096000,-51.59098283
1002.104000,-51.98734439
1002.112000,-51.97173961
1002.120000,-52.33845208
1002.128000,-52.71920885
1002.136000,-52.47577419
1002.144000,-53.19203387
1002.152000,-53.26849732
1002.160000,-53.20763866
1002.168000,-53.78813669
1002.176000,-53.69606846
1002.184000,-53.95510790
1002.192000,-53.95510790
1002.200000,-54.09243002
1002.208000,-54.29061080
1002.216000,-54.44353770
1002.224000,-54.62767418
1002.232000,-54.71818194
1002.240000,-54.74939151
1002.248000,-54.88671362
1002.256000,-54.93196750
1002.264000,-55.16135786
1002.272000,-55.14575307
1002.280000,-55.40479252
1002.288000,-55.49686075
1002.296000,-55.34393385
1002.304000,-55.72625111
1002.312000,-55.66383196
1002.320000,-55.66383196
1002.328000,-55.95408098
1002.336000,-55.95408098
1002.344000,-56.15226176
1002.352000,-56.22872522
1002.360000,-56.22872522
1002.368000,-56.42690600
1002.376000,-56.39725690
1002.384000,-56.64069156
1002.392000,-56.62664726
1002.400000,-56.53457902
1002.408000,-56.67190114
1002.416000,-56.51897423
1002.424000,-56.77801368
1002.432000,-56.65629635
1002.440000,-56.83887235
1002.448000,-56.83887235
1002.456000,-56.67190114
1002.464000,-57.06826270
1002.472000,-56.88568670
1002.480000,-56.87008192
1002.488000,-57.02300882
1002.496000,-56.88568670
1002.504000,-57.16033094
1002.512000,-57.03861361
1002.520000,-57.06826270
1002.528000,-57.09947227
1002.536000,-56.80922325
1002.544000,-57.20558482
1002.552000,-57.05265791
1002.560000,-57.26644348
1002.568000,-57.23679439
1002.576000,-57.25083869
1002.584000,-57.49583383
1002.592000,-57.40376560
1002.600000,-57.52548293
1002.608000,-57.32730215
1002.616000,-57.35851172
1002.624000,-57.60194638
1002.632000,-57.35851172
1002.640000,-57.48022905
1002.648000,-57.45057995
1002.656000,-57.32730215
1002.664000,-57.55669250
1002.672000,-57.37411650
1002.680000,-57.64876074
1002.688000,-57.48022905
1002.696000,-57.43497517
1002.704000,-57.61755116
1002.712000,-57.32730215
1002.720000,-57.48022905
1002.728000,-57.35851172
1002.736000,-57.40376560
1002.744000,-57.41937038
1002.752000,-57.31325784
1002.760000,-57.52548293
1002.768000,-57.43497517
1002.776000,-57.45057995
1002.784000,-57.61755116
1002.792000,-57.45057995
1002.800000,-57.66280504
1002.808000,-57.60194638
1002.816000,-57.54108771
1002.824000,-57.54108771
1002.832000,-57.45057995
1002.840000,-57.66280504
1002.848000,-57.52548293
1002.856000,-57.49583383
1002.864000,-57.58790207
1002.872000,-57.35851172
1002.880000,-57.34290693
1002.888000,-57.49583383
1002.896000,-57.46462426
1002.904000,-57.61755116
1002.912000,-57.43497517
1002.920000,-57.60194638
1002.928000,-57.46462426
1002.936000,-57.45057995
1002.944000,-57.51143862
1002.952000,-57.18998003
1002.960000,-57.52548293
1002.968000,-57.43497517
1002.976000,-57.43497517
1002.984000,-57.43497517
1002.992000,-57.31325784
1003.000000,-57.51143862
1003.008000,-57.49583383
1003.016000,-57.60194638
1003.024000,-57.69401462
1003.032000,-57.28204827
1003.040000,-57.45057995
1003.048000,-57.28204827
1003.056000,-57.20558482
1003.064000,-57.18998003
1003.072000,-57.00740403
1003.080000,-57.32730215
1003.088000,-57.12912136
1003.096000,-57.32730215
1003.104000,-57.12912136
1003.112000,-56.97619446
1003.120000,-57.16033094
1003.128000,-57.02300882
1003.136000,-57.12912136
1003.144000,-56.90129149
1003.152000,-56.85447713
1003.160000,-56.94654537
1003.168000,-56.59543768
1003.176000,-56.83887235
1003.184000,-56.71715502
1003.192000,-56.45811557
1003.200000,-56.64069156
1003.208000,-56.45811557
1003.216000,-56.56422811
1003.224000,-56.33639824
1003.232000,-56.35200302
1003.240000,-56.44251078
1003.248000,-56.33639824
1003.256000,-56.55018381
1003.264000,-56.48932514
1003.272000,-56.38165212
1003.280000,-56.44251078
1003.288000,-56.28958388
1003.296000,-56.30518867
1003.304000,-56.36604733
1003.312000,-56.38165212
1003.320000,-56.44251078
1003.328000,-56.16786655
1003.336000,-56.41286169
1003.344000,-56.24433000
1003.352000,-56.16786655
1003.360000,-56.22872522
1003.368000,-56.09140310
1003.376000,-56.09140310
1003.384000,-55.96968577
1003.392000,-56.01493965
1003.400000,-56.13821746
1003.408000,-55.96968577
1003.416000,-56.16786655
1003.424000,-56.24433000
1003.432000,-56.07735879
1003.440000,-56.07735879
1003.448000,-55.83236365
1003.456000,-56.03054443
1003.464000,-55.96968577
1003.472000,-56.00089534
1003.480000,-56.00089534
1003.488000,-55.80115408
1003.496000,-55.95408098
1003.504000,-55.96968577
1003.512000,-55.89322232
1003.520000,-56.07735879
1003.528000,-55.84796844
1003.536000,-56.01493965
1003.544000,-55.89322232
1003.552000,-55.84796844
1003.560000,-55.83236365
1003.568000,-55.45160687
1003.576000,-55.78710977
1003.584000,-55.66383196
1003.592000,-55.74029541
1003.600000,-55.71064632
1003.608000,-55.61857808
1003.616000,-55.78710977
1003.624000,-55.58892899
1003.632000,-55.64978766
1003.640000,-55.67943675
1003.648000,-55.49686075
1003.656000,-55.72625111
1003.664000,-55.46565118
1003.672000,-55.54211463
1003.680000,-55.49686075
1003.688000,-55.32832907
1003.696000,-55.54211463
1003.704000,-55.38918773
1003.712000,-55.69504154
1003.720000,-55.49686075
1003.728000,-55.34393385
1003.736000,-55.66383196
1003.744000,-55.46565118
1003.752000,-55.54211463
1003.760000,-55.43600209
1003.768000,-55.46565118
1003.776000,-55.42039730
1003.784000,-55.11454350
1003.792000,-55.31428476
1003.800000,-55.19100695
1003.808000,-55.06928962
1003.816000,-55.25186561
1003.824000,-55.11454350
1003.832000,-55.32832907
1003.840000,-55.14575307
1003.848000,-55.08489440
1003.856000,-55.10049919
1003.864000,-55.00843095
1003.872000,-55.10049919
1003.880000,-55.00843095
1003.888000,-54.94757229
1003.896000,-55.10049919
1003.904000,-54.90231841
1003.912000,-55.02403574
1003.920000,-55.23782131
1003.928000,-55.29867997
1003.936000,-55.25186561
1003.944000,-54.97722138
1003.952000,-55.17696264
1003.960000,-54.99282617
1003.968000,-54.94757229
1003.976000,-55.00843095
1003.984000,-54.82585496
1003.992000,-54.91636272
1004.000000,-54.81025017
1004.008000,-54.67292806
1004.016000,-54.62767418
1004.024000,-54.47474727
1004.032000,-54.62767418
1004.040000,-54.65732327
1004.048000,-54.56525503
1004.056000,-54.81025017
1004.064000,-54.49035206
1004.072000,-54.62767418
1004.080000,-54.50439637
1004.088000,-54.53560594
1004.096000,-54.41388861
1004.104000,-54.18449826
1004.112000,-54.45914249
1004.120000,-54.22975213
1004.128000,-54.15328868
1004.136000,-54.27656649
1004.144000,-54.21570783
1004.152000,-54.47474727
1004.160000,-54.35302994
1004.168000,-54.44353770
1004.176000,-54.41388861
1004.184000,-53.97071269
1004.192000,-54.30621559
1004.200000,-54.12363959
1004.208000,-54.20010304
1004.216000,-54.13924438
1004.224000,-54.00192226
1004.232000,-54.21570783
1004.240000,-54.03157135
1004.248000,-54.18449826
1004.256000,-53.95510790
1004.264000,-53.90985402
1004.272000,-54.13924438
1004.280000,-53.95510790
1004.288000,-54.07838571
1004.296000,-54.00192226
1004.304000,-53.71167324
1004.312000,-53.94106359
1004.320000,-53.72727803
1004.328000,-54.00192226
1004.336000,-53.77253191
1004.344000,-53.58995591
1004.352000,-53.74132233
1004.360000,-53.54314155
1004.368000,-53.86460014
1004.376000,-53.86460014
1004.384000,-53.89424924
1004.392000,-53.87864445
1004.400000,-53.75692712
1004.408000,-53.89424924
1004.416000,-53.61960500
1004.424000,-53.58995591
1004.432000,-53.72727803
1004.440000,-53.52909725
1004.448000,-53.66641936
1004.456000,-53.63520979
1004.464000,-53.54314155
1004.472000,-53.51349246
1004.480000,-53.39177513
1004.488000,-53.55874634
1004.496000,-53.40581944
1004.504000,-53.34496077
1004.512000,-53.40581944
1004.520000,-53.22324344
1004.528000,-53.17798956
1004.536000,-53.25445301
1004.544000,-53.22324344
1004.552000,-53.29970689
1004.560000,-53.13117520
1004.568000,-53.37617034
1004.576000,-53.11713090
1004.584000,-53.14677999
1004.592000,-53.19203387
1004.600000,-53.02506266
1004.608000,-53.11713090
1004.616000,-53.23884823
1004.624000,-53.25445301
1004.632000,-53.26849732
1004.640000,-53.00945787
1004.648000,-53.16238478
1004.656000,-53.11713090
1004.664000,-53.07031654
1004.672000,-53.25445301
1004.680000,-52.93299442
1004.688000,-53.13117520
1004.696000,-53.00945787
1004.704000,-53.08592132
1004.712000,-52.93299442
1004.720000,-52.70516455
1004.728000,-53.00945787
1004.736000,-52.71920885
1004.744000,-52.76602321
1004.752000,-52.75041843
1004.760000,-52.55223765
1004.768000,-52.75041843
1004.776000,-52.65835019
1004.784000,-52.73481364
1004.792000,-52.71920885
1004.800000,-52.38370596
1004.808000,-52.73481364
1004.816000,-52.47577419
1004.824000,-52.68955976
1004.832000,-52.58188674
1004.840000,-52.49137898
1004.848000,-52.59749152
1004.856000,-52.42895984
1004.864000,-52.59749152
1004.872000,-52.39931074
1004.880000,-52.49137898
1004.888000,-52.61309631
1004.896000,-52.38370596
1004.904000,-52.53663286
1004.912000,-52.38370596
1004.920000,-52.29163772
1004.928000,-52.42895984
1004.936000,-52.18552518
1004.944000,-52.38370596
1004.952000,-52.23077905
1004.960000,-52.15431560
1004.968000,-52.27759341
1004.976000,-52.03259827
1004.984000,-52.27759341
1004.992000,-52.15431560
1005.000000,-52.16992039
1005.008000,-52.12466651
1005.016000,-52.10906172
1005.024000,-52.14027130
1005.032000,-51.98734439
1005.040000,-51.92648573
1005.048000,-52.09345694
1005.056000,-51.87967137
1005.064000,-52.12466651
1005.072000,-52.12466651
1005.080000,-51.98734439
1005.088000,-51.92648573
1005.096000,-51.81881271
1005.104000,-52.07941263
1005.112000,-51.97173961
1005.120000,-51.87967137
1005.128000,-51.95613482
1005.136000,-51.75795404
1005.144000,-51.68149059
1005.152000,-51.68149059
1005.160000,-51.60502714
1005.168000,-51.71270016
1005.176000,-51.53012417
1005.184000,-51.78916361
1005.192000,-51.71270016
1005.200000,-51.75795404
1005.208000,-51.63623671
1005.216000,-51.30073381
1005.224000,-51.68149059
1005.232000,-51.51451938
1005.240000,-51.51451938
1005.248000,-51.48330981
1005.256000,-51.28512903
1005.264000,-51.48330981
1005.272000,-51.37719726
1005.280000,-51.53012417
1005.288000,-51.63623671
1005.296000,-51.37719726
1005.304000,-51.60502714
1005.312000,-51.45366071
1005.320000,-51.48330981
1005.328000,-51.33038291
1005.336000,-51.20866557
1005.344000,-51.46770502
1005.352000,-51.17901648
1005.360000,-51.37719726
1005.368000,-51.16341170
1005.376000,-50.98083570
1005.384000,-51.20866557
1005.392000,-51.01048479
1005.400000,-51.17901648
1005.408000,-51.08694824
1005.416000,-50.94962613
1005.424000,-51.16341170
1005.432000,-50.82790880
1005.440000,-51.05573867
1005.448000,-50.99488001
1005.456000,-50.82790880
1005.464000,-50.87316268
1005.472000,-50.72023577
1005.480000,-50.88876746
1005.488000,-50.53765978
1005.496000,-50.70619147
1005.504000,-50.88876746
1005.512000,-50.81230401
1005.520000,-50.99488001
1005.528000,-50.84351358
1005.536000,-50.78109444
1005.544000,-50.91841656
1005.552000,-50.59851844
1005.560000,-50.73584056
1005.568000,-50.62972802
1005.576000,-50.59851844
1005.584000,-50.61412323
1005.592000,-50.43154723
1005.600000,-50.73584056
1005.608000,-50.61412323
1005.616000,-50.27862033
1005.624000,-50.32387421
1005.632000,-50.35508378
1005.640000,-50.41594245
1005.648000,-50.27862033
1005.656000,-50.29422512
1005.664000,-50.32387421
1005.672000,-50.20215688
1005.680000,-50.38473288
1005.688000,-50.32387421
1005.696000,-50.20215688
1005.704000,-50.23180597
1005.712000,-50.08043955
1005.720000,-50.30826943
1005.728000,-50.21776167
1005.736000,-50.30826943
1005.744000,-50.30826943
1005.752000,-50.14129822
1005.760000,-50.30826943
1005.768000,-50.18655210
1005.776000,-50.04922998
1005.784000,-50.06483476
1005.792000,-49.94311743
1005.800000,-50.12569343
1005.808000,-49.98837131
1005.816000,-50.09448386
1005.824000,-50.01958089
1005.832000,-49.66847320
1005.840000,-50.12569343
1005.848000,-49.97276653
1005.856000,-50.08043955
1005.864000,-49.94311743
1005.872000,-49.69812229
1005.880000,-49.83544441
1005.888000,-49.65286842
1005.896000,-49.72933187
1005.904000,-49.65286842
1005.912000,-49.53115109
1005.920000,-49.77458575
1005.928000,-49.56080018
1005.936000,-49.72933187
1005.944000,-49.71372708
1005.952000,-49.57640496
1005.960000,-49.80579532
1005.968000,-49.54519539
1005.976000,-49.83544441
1005.984000,-49.57640496
1005.992000,-49.43908285
1006.000000,-49.60761454
1006.008000,-49.43908285
1006.016000,-49.59200975
1006.024000,-49.43908285
1006.032000,-49.40787328
1006.040000,-49.48433673
1006.048000,-49.16443862
1006.056000,-49.37822418
1006.064000,-49.28615595
1006.072000,-49.13322904
1006.080000,-49.24090207
1006.088000,-49.02711650
1006.096000,-49.22529728
1006.104000,-48.98186262
1006.112000,-49.08797516
1006.120000,-48.93504826
1006.128000,-48.87418960
1006.136000,-49.11918474
1006.144000,-49.01151171
1006.152000,-48.96625783
1006.160000,-49.05676559
1006.168000,-48.88979438
1006.176000,-48.90539917
1006.184000,-48.93504826
1006.192000,-48.93504826
1006.200000,-48.96625783
1006.208000,-48.73686748
1006.216000,-48.96625783
1006.224000,-48.82893572
1006.232000,-48.81333093
1006.240000,-48.82893572
1006.248000,-48.75247227
1006.256000,-48.87418960
1006.264000,-48.73686748
1006.272000,-48.75247227
1006.280000,-48.61515015
1006.288000,-48.46222325
1006.296000,-48.67600882
1006.304000,-48.59954536
1006.312000,-48.59954536
1006.320000,-48.67600882
1006.328000,-48.37015501
1006.336000,-48.53868670
1006.344000,-48.38575980
1006.352000,-48.44661846
1006.360000,-48.38575980
1006.368000,-48.20318380
1006.376000,-48.46222325
1006.384000,-48.21878859
1006.392000,-48.35611070
1006.400000,-48.35611070
1006.408000,-48.20318380
1006.416000,-48.35611070
1006.424000,-48.18757901
1006.432000,-48.27964725
1006.440000,-48.27964725
1006.448000,-48.05025690
1006.456000,-48.32490113
1006.464000,-48.08146647
1006.472000,-48.27964725
1006.480000,-48.15792992
1006.488000,-48.00500302
1006.496000,-48.18757901
1006.504000,-47.85207612
1006.512000,-47.97379345
1006.520000,-47.73035879
1006.528000,-47.79121745
1006.536000,-47.97379345
1006.544000,-47.74596357
1006.552000,-47.91293478
1006.560000,-47.88328569
1006.568000,-47.80682224
1006.576000,-47.88328569
1006.584000,-47.66950012
1006.592000,-47.92853957
1006.600000,-47.60864146
1006.608000,-47.59303667
1006.616000,-47.63829055
1006.624000,-47.47131934
1006.632000,-47.63829055
1006.640000,-47.62268576
1006.648000,-47.82086654
1006.656000,-47.73035879
1006.664000,-47.56182710
1006.672000,-47.69914921
1006.680000,-47.56182710
1006.688000,-47.56182710
1006.696000,-47.54622231
1006.704000,-47.36364632
1006.712000,-47.48536365
1006.720000,-47.34804153
1006.728000,-47.36364632
1006.736000,-47.22632420
1006.744000,-47.18107032
1006.752000,-47.36364632
1006.760000,-47.19667511
1006.768000,-47.27157808
1006.776000,-47.22632420
1006.784000,-47.05935299
1006.792000,-47.08900208
1006.800000,-47.08900208
1006.808000,-47.08900208
1006.816000,-47.08900208
1006.824000,-46.81435785
1006.832000,-47.05935299
1006.840000,-46.93607518
1006.848000,-46.99693385
1006.856000,-46.99693385
1006.864000,-46.82996264
1006.872000,-47.08900208
1006.880000,-46.98288954
1006.888000,-47.07339730
1006.896000,-46.95167997
1006.904000,-46.87521652
1006.912000,-46.96728475
1006.920000,-46.75349919
1006.928000,-46.89082130
1006.936000,-46.90642609
1006.944000,-46.63178186
1006.952000,-46.78470876
1006.960000,-46.60057228
1006.968000,-46.73789440
1006.976000,-46.64738664
1006.984000,-46.52410883
1006.992000,-46.79875307
1007.000000,-46.44764538
1007.008000,-46.64738664
1007.016000,-46.52410883
1007.024000,-46.32592805
1007.032000,-46.40239150
1007.040000,-46.28067417
1007.048000,-46.44764538
1007.056000,-46.38678672
1007.064000,-46.32592805
1007.072000,-46.38678672
1007.080000,-46.11214248
1007.088000,-46.41799629
1007.096000,-46.37274241
1007.104000,-46.35713762
1007.112000,-46.41799629
1007.120000,-46.23542029
1007.128000,-46.41799629
1007.136000,-46.05128382
1007.144000,-46.14335206
1007.152000,-46.18860593
1007.160000,-45.96077606
1007.168000,-46.11214248
1007.176000,-45.96077606
1007.184000,-46.02163472
1007.192000,-46.05128382
1007.200000,-45.86870782
1007.208000,-46.08249339
1007.216000,-45.91396170
1007.224000,-45.96077606
1007.232000,-45.83749825
1007.240000,-45.65492226
1007.248000,-45.86870782
1007.256000,-45.71578092
1007.264000,-45.85310304
1007.272000,-45.71578092
1007.280000,-45.67052704
1007.288000,-45.73138571
1007.296000,-45.62371268
1007.304000,-45.76103480
1007.312000,-45.77663959
1007.320000,-45.53320492
1007.328000,-45.74699049
1007.336000,-45.70017613
1007.344000,-45.60966838
1007.352000,-45.53320492
1007.360000,-45.44113669
1007.368000,-45.56285402
1007.376000,-45.40992712
1007.384000,-45.51760014
1007.392000,-45.38027802
1007.400000,-45.22735112
1007.408000,-45.24295591
1007.416000,-45.22735112
1007.424000,-45.22735112
1007.432000,-45.25856069
1007.440000,-45.18209724
1007.448000,-45.38027802
1007.456000,-45.12123858
1007.464000,-45.21174633
1007.472000,-45.15088767
1007.480000,-44.79977999
1007.488000,-45.13528288
1007.496000,-44.93710210
1007.504000,-45.04477512
1007.512000,-44.93710210
1007.520000,-44.87624344
1007.528000,-45.04477512
1007.536000,-44.87624344
1007.544000,-44.99796077
1007.552000,-44.99796077
1007.560000,-44.81538477
1007.568000,-44.92305779
1007.576000,-44.69366744
1007.584000,-44.87624344
1007.592000,-44.78573568
1007.600000,-44.70927223
1007.608000,-44.86063865
1007.616000,-44.60159920
1007.624000,-44.89184822
1007.632000,-44.64841356
1007.640000,-44.51109144
1007.648000,-44.66245787
1007.656000,-44.46427709
1007.664000,-44.54074054
1007.672000,-44.41902321
1007.680000,-44.49548666
1007.688000,-44.40341842
1007.696000,-44.11316940
1007.704000,-44.46427709
1007.712000,-44.35816454
1007.720000,-44.35816454
1007.728000,-44.29730588
1007.736000,-44.06791552
1007.744000,-44.26609631
1007.752000,-44.03670595
1007.760000,-44.23644721
1007.768000,-44.17402807
1007.776000,-44.08352031
1007.784000,-44.28170109
1007.792000,-44.20523764
1007.800000,-44.11316940
1007.808000,-44.12877419
1007.816000,-43.96180298
1007.824000,-44.03670595
1007.832000,-44.05231074
1007.840000,-44.17402807
1007.848000,-44.11316940
1007.856000,-43.93059341
1007.864000,-44.03670595
1007.872000,-43.80887608
1007.880000,-43.89938384
1007.888000,-43.80887608
1007.896000,-43.77766651
1007.904000,-43.86973474
1007.912000,-43.67155396
1007.920000,-43.73241263
1007.928000,-43.68715875
1007.936000,-43.61069530
1007.944000,-43.77766651
1007.952000,-43.74801741
1007.960000,-43.57948572
1007.968000,-43.62473960
1007.976000,-43.39690973
1007.984000,-43.51862706
1007.992000,-43.41251451
1008.000000,-43.57948572
1008.008000,-43.50302227
1008.016000,-43.42655882
1008.024000,-43.54983663
1008.032000,-43.39690973
1008.040000,-43.42655882
1008.048000,-43.39690973
1008.056000,-43.33605106
1008.064000,-43.50302227
1008.072000,-43.24398283
1008.080000,-43.38130494
1008.088000,-43.30484149
1008.096000,-42.95373381
1008.104000,-43.33605106
1008.112000,-43.07545114
1008.120000,-43.22837804
1008.128000,-43.10666071
1008.136000,-43.06140683
1008.144000,-43.15191459
1008.152000,-43.03019726
1008.160000,-43.15191459
1008.168000,-42.96933859
1008.176000,-42.96933859
1008.184000,-43.04580204
1008.192000,-42.80080690
1008.200000,-43.00054816
1008.208000,-42.87727036
1008.216000,-42.87727036
1008.224000,-42.96933859
1008.232000,-42.77115781
1008.240000,-43.12226550
1008.248000,-42.84762126
1008.256000,-42.86322605
1008.264000,-42.92408471
1008.272000,-42.64944048
1008.280000,-42.81641169
1008.288000,-42.67908957
1008.296000,-42.78676260
1008.304000,-42.69469436
1008.312000,-42.54176746
1008.320000,-42.71029915
1008.328000,-42.52616267
1008.336000,-42.58858182
1008.344000,-42.66348479
1008.352000,-42.49651358
1008.360000,-42.72590393
1008.368000,-42.60262612
1008.376000,-42.72590393
1008.384000,-42.57297703
1008.392000,-42.49651358
1008.400000,-42.72590393
1008.408000,-42.51211836
1008.416000,-42.54176746
1008.424000,-42.49651358
1008.432000,-42.32798189
1008.440000,-42.32798189
1008.448000,-42.35919146
1008.456000,-42.48090879
1008.464000,-42.46530401
1008.472000,-42.31237710
1008.480000,-42.42005013
1008.488000,-42.29833280
1008.496000,-42.42005013
1008.504000,-42.32798189
1008.512000,-42.19065977
1008.520000,-42.35919146
1008.528000,-42.10015202
1008.536000,-42.19065977
1008.544000,-42.11419632
1008.552000,-42.03773287
1008.560000,-42.19065977
1008.568000,-42.11419632
1008.576000,-42.22186935
1008.584000,-42.34358668
1008.592000,-42.16101068
1008.600000,-42.26712323
1008.608000,-42.16101068
1008.616000,-42.26712323
1008.624000,-42.17505499
1008.632000,-42.10015202
1008.640000,-42.22186935
1008.648000,-41.93162033
1008.656000,-42.11419632
1008.664000,-42.16101068
1008.672000,-42.10015202
1008.680000,-42.17505499
1008.688000,-41.94722511
1008.696000,-42.14540589
1008.704000,-42.03773287
1008.712000,-41.79429821
1008.720000,-42.05333766
1008.728000,-41.73343955
1008.736000,-42.00808378
1008.744000,-41.88636645
1008.752000,-41.82550778
1008.760000,-41.91601554
1008.768000,-41.71783476
1008.776000,-41.82550778
1008.784000,-41.50404919
1008.792000,-41.67258088
1008.800000,-41.59611743
1008.808000,-41.42758574
1008.816000,-41.61172222
1008.824000,-41.50404919
1008.832000,-41.50404919
1008.840000,-41.51965398
1008.848000,-41.33707798
1008.856000,-41.62576652
1008.864000,-41.35112229
1008.872000,-41.39793665
1008.880000,-41.38233186
1008.888000,-41.18415108
1008.896000,-41.44319053
1008.904000,-41.32147320
1008.912000,-41.38233186
1008.920000,-41.32147320
1008.928000,-41.30586841
1008.936000,-41.38233186
1008.944000,-41.12329242
1008.952000,-41.24500975
1008.960000,-41.19975587
1008.968000,-41.01561939
1008.976000,-41.21380017
1008.984000,-41.13889720
1008.992000,-41.12329242
1009.000000,-40.97036551
1009.008000,-40.78778952
1009.016000,-41.04682896
1009.024000,-40.77218473
1009.032000,-40.83304340
1009.040000,-40.75657995
1009.048000,-40.68011649
1009.056000,-40.74097516
1009.064000,-40.68011649
1009.072000,-40.60365304
1009.080000,-40.69572128
1009.088000,-40.55839916
1009.096000,-40.66451171
1009.104000,-40.49754050
1009.112000,-40.69572128
1009.120000,-40.66451171
1009.128000,-40.43668183
1009.136000,-40.69572128
1009.144000,-40.55839916
1009.152000,-40.66451171
1009.160000,-40.43668183
1009.168000,-40.40547226
1009.176000,-40.52718959
1009.184000,-40.29935972
1009.192000,-40.45228662
1009.200000,-40.51314528
1009.208000,-40.25254536
1009.216000,-40.37582317
1009.224000,-40.14643281
1009.232000,-40.20729148
1009.240000,-40.13082803
1009.248000,-40.10117894
1009.256000,-40.29935972
1009.264000,-39.96385682
1009.272000,-40.17764239
1009.280000,-39.96385682
1009.288000,-39.88739337
1009.296000,-39.96385682
1009.304000,-39.79532513
1009.312000,-39.99350591
1009.320000,-39.77972034
1009.328000,-39.76567604
1009.336000,-39.85618380
1009.344000,-39.55189047
1009.352000,-39.85618380
1009.360000,-39.71886168
1009.368000,-39.76567604
1009.376000,-39.75007125
1009.384000,-39.52068090
1009.392000,-39.73446647
1009.400000,-39.36775400
1009.408000,-39.56593478
1009.416000,-39.45982223
1009.424000,-39.35370969
1009.432000,-39.52068090
1009.440000,-39.33810490
1009.448000,-39.39896357
1009.456000,-39.38335878
1009.464000,-39.21638757
1009.472000,-39.47542702
1009.480000,-39.18517800
1009.488000,-39.30689533
1009.496000,-39.21638757
1009.504000,-38.92613855
1009.512000,-39.23043188
1009.520000,-39.03225110
1009.528000,-39.09310976
1009.536000,-39.03225110
1009.544000,-39.06346067
1009.552000,-39.09310976
1009.560000,-38.95578765
1009.568000,-39.04785588
1009.576000,-39.00260200
1009.584000,-38.83407032
1009.592000,-38.94018286
1009.600000,-38.89492898
1009.608000,-38.92613855
1009.616000,-38.84967510
1009.624000,-38.69674820
1009.632000,-38.84967510
1009.640000,-38.71235299
1009.648000,-38.80286074
1009.656000,-38.68114341
1009.664000,-38.51417220
1009.672000,-38.69674820
1009.680000,-38.37685009
1009.688000,-38.43770875
1009.696000,-38.43770875
1009.704000,-38.30038664
1009.712000,-38.40649918
1009.720000,-38.25357228
1009.728000,-38.34564052
1009.736000,-38.20831840
1009.744000,-37.94927895
1009.752000,-38.22392319
1009.760000,-38.01013762
1009.768000,-38.19271361
1009.776000,-37.97892805
1009.784000,-37.97892805
1009.792000,-38.11625016
1009.800000,-37.93367417
1009.808000,-38.14745973
1009.816000,-37.97892805
1009.824000,-37.94927895
1009.832000,-38.05539150
1009.840000,-37.75109817
1009.848000,-37.93367417
1009.856000,-37.81195684
1009.864000,-37.96488374
1009.872000,-37.96488374
1009.880000,-37.70428381
1009.888000,-37.90402507
1009.896000,-37.61377605
1009.904000,-37.59817127
1009.912000,-37.53731260
1009.920000,-37.38438570
1009.928000,-37.53731260
1009.936000,-37.32352704
1009.944000,-37.47645394
1009.952000,-37.36878092
1009.960000,-37.15499535
1009.968000,-37.35473661
1009.976000,-37.15499535
1009.984000,-37.23145880
1009.992000,-37.20180971
1010.000000,-37.01767323
1010.008000,-37.23145880
1010.016000,-36.95681457
1010.024000,-37.14095104
1010.032000,-36.95681457
1010.040000,-36.94277026
1010.048000,-37.12534625
1010.056000,-36.92716547
1010.064000,-37.00362892
1010.072000,-36.85070202
1010.080000,-36.72898469
1010.088000,-36.69777512
1010.096000,-36.75863378
1010.104000,-36.88035112
1010.112000,-36.74302900
1010.120000,-36.54484822
1010.128000,-36.75863378
1010.136000,-36.46838477
1010.144000,-36.59166258
1010.152000,-36.49959434
1010.160000,-36.37787701
1010.168000,-36.48398955
1010.176000,-36.30141356
1010.184000,-36.39348179
1010.192000,-36.30141356
1010.200000,-36.17969623
1010.208000,-36.25615968
1010.216000,-36.11883756
1010.224000,-36.24055489
1010.232000,-36.17969623
1010.240000,-35.98151544
1010.248000,-36.10323277
1010.256000,-35.91909630
1010.264000,-36.13288187
1010.272000,-35.98151544
1010.280000,-35.90505199
1010.288000,-36.11883756
1010.296000,-35.73652031
1010.304000,-35.87384242
1010.312000,-35.81298376
1010.320000,-35.64445207
1010.328000,-35.69126643
1010.336000,-35.52273474
1010.344000,-35.59919819
1010.352000,-35.49308564
1010.360000,-35.32455396
1010.368000,-35.40101741
1010.376000,-35.11076839
1010.384000,-35.36980784
1010.392000,-35.24809050
1010.400000,-35.21844141
1010.408000,-35.20283663
1010.416000,-35.00465584
1010.424000,-35.21844141
1010.432000,-34.83612416
1010.440000,-35.00465584
1010.448000,-35.06551451
1010.456000,-34.73001161
1010.464000,-34.91258761
1010.472000,-34.79087028
1010.480000,-34.80647506
1010.488000,-34.82051937
1010.496000,-34.60673380
1010.504000,-34.92819239
1010.512000,-34.71440683
1010.520000,-34.69880204
1010.528000,-34.59268949
1010.536000,-34.42415781
1010.544000,-34.45536738
1010.552000,-34.24158181
1010.560000,-34.42415781
1010.568000,-34.21037224
1010.576000,-34.11986448
1010.584000,-34.19476745
1010.592000,-33.96693758
1010.600000,-34.10425969
1010.608000,-34.05744534
1010.616000,-33.75315201
1010.624000,-33.99658667
1010.632000,-33.76875680
1010.640000,-33.75315201
1010.648000,-33.57057602
1010.656000,-33.46290299
1010.664000,-33.63143468
1010.672000,-33.43325390
1010.680000,-33.50815687
1010.688000,-33.40204433
1010.696000,-33.28032700
1010.704000,-33.20386355
1010.712000,-33.23351264
1010.720000,-33.28032700
1010.728000,-33.15860967
1010.736000,-33.05093664
1010.744000,-33.18825876
1010.752000,-32.85275586
1010.760000,-32.99007798
1010.768000,-32.89800974
1010.776000,-32.54690206
1010.784000,-32.76068762
1010.792000,-32.56250684
1010.800000,-32.63897029
1010.808000,-32.48604339
1010.816000,-32.34872128
1010.824000,-32.34872128
1010.832000,-32.18175007
1010.840000,-32.27225782
1010.848000,-32.27225782
1010.856000,-32.12089140
1010.864000,-31.93675493
1010.872000,-31.64650591
1010.880000,-31.83064238
1010.888000,-31.60125203
1010.896000,-31.52478858
1010.904000,-31.66211069
1010.912000,-31.31100301
1010.920000,-31.60125203
1010.928000,-31.34221258
1010.936000,-31.25014434
1010.944000,-31.34221258
1010.952000,-31.03635878
1010.960000,-31.11282223
1010.968000,-30.97550011
1010.976000,-30.88499235
1010.984000,-30.77731933
1010.992000,-30.53388467
1011.000000,-30.62439243
1011.008000,-30.45742122
1011.016000,-30.50267510
1011.024000,-30.27328474
1011.032000,-30.06105965
1011.040000,-30.24363565
1011.048000,-29.61788373
1011.056000,-29.86131839
1011.064000,-29.66313761
1011.072000,-29.35884429
1011.080000,-29.51177119
1011.088000,-29.23712696
1011.096000,-29.20591738
1011.104000,-29.16066351
1011.112000,-28.76274146
1011.120000,-28.82516061
1011.128000,-28.71748758
1011.136000,-28.59577025
1011.144000,-28.39758947
1011.152000,-28.26026736
1011.160000,-28.26026736
1011.168000,-28.06208657
1011.176000,-28.13698955
1011.184000,-27.69537410
1011.192000,-27.61891065
1011.200000,-27.46598375
1011.208000,-27.06962219
1011.216000,-27.19133952
1011.224000,-26.88704619
1011.232000,-26.53593851
1011.240000,-26.73411929
1011.248000,-26.24568949
1011.256000,-26.09276259
1011.264000,-25.95544047
1011.272000,-25.37650291
1011.280000,-25.32968855
1011.288000,-25.14711256
1011.296000,-24.82721445
1011.304000,-24.59782409
1011.312000,-24.44489719
1011.320000,-23.86595963
1011.328000,-23.69742794
1011.336000,-23.52889626
1011.344000,-23.08728081
1011.352000,-22.96556348
1011.360000,-22.59885101
1011.368000,-21.97309910
1011.376000,-22.09481643
1011.384000,-21.39260106
1011.392000,-20.78245393
1011.400000,-21.02744907
1011.408000,-19.98973080
1011.416000,-19.94447692
1011.424000,-19.76034045
1011.432000,-18.63211442
1011.440000,-18.41832886
1011.448000,-18.17333372
1011.456000,-17.01389812
1011.464000,-16.72364910
1011.472000,-16.12910676
1011.480000,-14.90881250
1011.488000,-14.52649524
1011.496000,-13.65730866
1011.504000,-12.40580483
1011.512000,-12.20762405
1011.520000,-10.57536344
1011.528000,-9.35350870
1011.536000,-9.53764517
1011.544000,-6.91292018
1011.552000,-6.08898748
1011.560000,-5.95166536
1011.568000,-2.71679323
1011.576000,-2.16750477
1011.584000,-1.83200187
1011.592000,1.98336829
1011.600000,2.76204711
1011.608000,4.16491737
1011.616000,7.41539428
1011.624000,8.16286353
1011.632000,10.57380296
1011.640000,13.51842607
1011.648000,14.15978277
1011.656000,17.42430399
1011.664000,20.03498468
1011.672000,20.18635111
1011.680000,24.26076072
1011.688000,25.92423090
1011.696000,25.96948478
1011.704000,29.83010882
1011.712000,30.71490019
1011.720000,30.92868575
1011.728000,33.94977231
1011.736000,34.42259733
1011.744000,34.94223670
1011.752000,36.54484822
1011.760000,36.78828288
1011.768000,37.42963958
1011.776000,37.90246459
1011.784000,38.13185495
1011.792000,38.26917706
1011.800000,38.55786560
1011.808000,38.57347039
1011.816000,38.35968482
1011.824000,38.42054349
1011.832000,38.23796749
1011.840000,37.73393291
1011.848000,37.53575213
1011.856000,37.35317613
1011.864000,36.39192131
1011.872000,36.08606751
1011.880000,35.82702806
1011.888000,34.85016846
1011.896000,34.59112902
1011.904000,34.08709443
1011.912000,32.91205405
1011.920000,32.80594150
1011.928000,31.78382802
1011.936000,30.89903666
1011.944000,30.89903666
1011.952000,29.15910303
1011.960000,28.47249245
1011.968000,28.33517033
1011.976000,26.44230979
1011.984000,26.04594823
1011.992000,25.77130400
1012.000000,24.06257994
1012.008000,23.90965303
1012.016000,23.37596935
1012.024000,21.78896262
1012.032000,21.14760592
1012.040000,20.38453189
1012.048000,18.78348085
1012.056000,18.46202226
1012.064000,17.27293757
1012.072000,15.77643860
1012.080000,15.79204338
1012.088000,13.99125108
1012.096000,13.10645972
1012.104000,13.13766929
1012.112000,11.04662797
1012.120000,10.49733951
1012.128000,10.36001739
1012.136000,8.17846832
1012.144000,7.87261451
1012.152000,7.26246738
1012.160000,5.43202599
1012.168000,5.02005964
1012.176000,4.25698561
1012.184000,2.73083754
1012.192000,2.21275865
1012.200000,1.54019237
1012.208000,-0.22939035
1012.216000,-0.36671247
1012.224000,-1.87725575
1012.232000,-2.88376444
1012.240000,-2.88376444
1012.248000,-4.86869322
1012.256000,-5.53969901
1012.264000,-5.53969901
1012.272000,-7.85857020
1012.280000,-8.25493177
1012.288000,-8.52957600
1012.296000,-10.63622210
1012.304000,-11.04818845
1012.312000,-11.88772594
1012.320000,-13.33741055
1012.328000,-13.74937690
1012.336000,-14.80113947
1012.344000,-16.02299421
1012.352000,-16.22117500
1012.360000,-17.79257694
1012.368000,-18.92080296
1012.376000,-19.05812508
1012.384000,-20.85891738
1012.392000,-21.69845486
1012.400000,-21.65320098
1012.408000,-23.75828661
1012.416000,-24.18585774
1012.424000,-24.10939429
1012.432000,-26.42826549
1012.440000,-26.68886541
1012.448000,-27.34426642
1012.456000,-28.90006358
1012.464000,-29.17470781
1012.472000,-30.27328474
1012.480000,-31.41867603
1012.488000,-31.79943281
1012.496000,-33.17265397
1012.504000,-33.92012322
1012.512000,-34.14951357
1012.520000,-35.46187607
1012.528000,-36.36227222
1012.536000,-36.31701834
1012.544000,-37.85721072
1012.552000,-38.46735785
1012.560000,-38.25357228
1012.568000,-39.96385682
1012.576000,-40.11522324
1012.584000,-40.43668183
1012.592000,-41.71783476
1012.600000,-41.73343955
1012.608000,-42.54176746
1012.616000,-43.28923671
1012.624000,-43.42655882
1012.632000,-44.17402807
1012.640000,-44.44867230
1012.648000,-44.84659434
1012.656000,-45.53320492
1012.664000,-45.99042515
1012.672000,-46.08249339
1012.680000,-46.75349919
1012.688000,-47.25753377
1012.696000,-46.92203087
1012.704000,-48.08146647
1012.712000,-48.15792992
1012.720000,-48.14232514
1012.728000,-48.91944348
1012.736000,-48.87418960
1012.744000,-49.24090207
1012.752000,-49.68251751
1012.760000,-49.62165884
1012.768000,-50.12569343
1012.776000,-50.21776167
1012.784000,-50.44559154
1012.792000,-50.84351358
1012.800000,-50.91841656
1012.808000,-51.16341170
1012.816000,-51.36159248
1012.824000,-51.62063192
1012.832000,-51.57537804
1012.840000,-52.00294918
1012.848000,-52.10906172
1012.856000,-51.95613482
1012.864000,-52.39931074
1012.872000,-52.36810117
1012.880000,-52.41491553
1012.888000,-52.79567231
1012.896000,-52.81127709
1012.904000,-52.99385309
1012.912000,-53.07031654
1012.920000,-52.97980878
1012.928000,-53.31531168
1012.936000,-53.26849732
1012.944000,-53.51349246
1012.952000,-53.57435112
1012.960000,-53.58995591
1012.968000,-53.69606846
1012.976000,-53.68046367
1012.984000,-53.81778579
1012.992000,-53.86460014
1013.000000,-54.12363959
1013.008000,-54.26096171
1013.016000,-54.13924438
1013.024000,-54.44353770
1013.032000,-54.35302994
1013.040000,-54.20010304
1013.048000,-54.52000115
1013.056000,-54.36707425
1013.064000,-54.56525503
1013.072000,-54.47474727
1013.080000,-54.50439637
1013.088000,-54.61206939
1013.096000,-54.45914249
1013.104000,-54.70257715
1013.112000,-54.81025017
1013.120000,-54.85550405
1013.128000,-54.90231841
1013.136000,-54.79464539
1013.144000,-55.06928962
1013.152000,-54.94757229
1013.160000,-54.96317707
1013.168000,-55.10049919
1013.176000,-54.91636272
1013.184000,-55.34393385
1013.192000,-55.06928962
1013.200000,-55.22221652
1013.208000,-55.29867997
1013.216000,-55.19100695
1013.224000,-55.43600209
1013.232000,-55.29867997
1013.240000,-55.51246554
1013.248000,-55.38918773
1013.256000,-55.20661174
1013.264000,-55.46565118
1013.272000,-55.23782131
1013.280000,-55.38918773
1013.288000,-55.32832907
1013.296000,-55.25186561
1013.304000,-55.45160687
1013.312000,-55.17696264
1013.320000,-55.49686075
1013.328000,-55.34393385
1013.336000,-55.32832907
1013.344000,-55.57332421
1013.352000,-55.35953864
1013.360000,-55.55771942
1013.368000,-55.49686075
1013.376000,-55.43600209
1013.384000,-55.34393385
1013.392000,-55.35953864
1013.400000,-55.58892899
1013.408000,-55.48125597
1013.416000,-55.40479252
1013.424000,-55.61857808
1013.432000,-55.58892899
1013.440000,-55.78710977
1013.448000,-55.69504154
1013.456000,-55.67943675
1013.464000,-55.69504154
1013.472000,-55.49686075
1013.480000,-55.64978766
1013.488000,-55.51246554
1013.496000,-55.48125597
1013.504000,-55.55771942
1013.512000,-55.40479252
1013.520000,-55.61857808
1013.528000,-55.63418287
1013.536000,-55.49686075
1013.544000,-55.54211463
1013.552000,-55.38918773
1013.560000,-55.60297330
1013.568000,-55.45160687
1013.576000,-55.48125597
1013.584000,-55.64978766
1013.592000,-55.31428476
1013.600000,-55.46565118
1013.608000,-55.40479252
1013.616000,-55.34393385
1013.624000,-55.38918773
1013.632000,-55.23782131
1013.640000,-55.46565118
1013.648000,-55.37514342
1013.656000,-55.42039730
1013.664000,-55.60297330
1013.672000,-55.38918773
1013.680000,-55.64978766
1013.688000,-55.52650985
1013.696000,-55.58892899
1013.704000,-55.48125597
1013.712000,-55.29867997
1013.720000,-55.52650985
1013.728000,-55.17696264
1013.736000,-55.40479252
1013.744000,-55.46565118
1013.752000,-55.29867997
1013.760000,-55.48125597
1013.768000,-55.35953864
1013.776000,-55.43600209
1013.784000,-55.42039730
1013.792000,-55.16135786
1013.800000,-55.45160687
1013.808000,-55.17696264
1013.816000,-55.28307519
1013.824000,-55.22221652
1013.832000,-55.06928962
1013.840000,-55.40479252
1013.848000,-55.22221652
1013.856000,-55.48125597
1013.864000,-55.31428476
1013.872000,-55.31428476
1013.880000,-55.42039730
1013.888000,-55.20661174
1013.896000,-55.40479252
1013.904000,-55.29867997
1013.912000,-55.14575307
1013.920000,-55.32832907
1013.928000,-55.16135786
1013.936000,-55.28307519
1013.944000,-55.10049919
1013.952000,-55.13014828
1013.960000,-55.23782131
1013.968000,-55.06928962
1013.976000,-55.26747040
1013.984000,-55.22221652
1013.992000,-55.16135786
1014.000000,-54.83989927
1014.008000,-54.91636272
1014.016000,-55.06928962
1014.024000,-54.99282617
1014.032000,-54.97722138
1014.040000,-55.02403574
1014.048000,-54.82585496
1014.056000,-54.99282617
1014.064000,-54.99282617
1014.072000,-54.93196750
1014.080000,-55.08489440
1014.088000,-54.96317707
1014.096000,-55.11454350
1014.104000,-54.96317707
1014.112000,-54.93196750
1014.120000,-54.94757229
1014.128000,-54.77904060
1014.136000,-54.99282617
1014.144000,-54.99282617
1014.152000,-54.85550405
1014.160000,-54.91636272
1014.168000,-54.79464539
1014.176000,-54.99282617
1014.184000,-54.90231841
1014.192000,-54.97722138
1014.200000,-54.91636272
1014.208000,-54.58085982
1014.216000,-54.90231841
1014.224000,-54.64171848
1014.232000,-54.65732327
1014.240000,-54.65732327
1014.248000,-54.45914249
1014.256000,-54.61206939
1014.264000,-54.53560594
1014.272000,-54.68853284
1014.280000,-54.65732327
1014.288000,-54.39828382
1014.296000,-54.70257715
1014.304000,-54.56525503
1014.312000,-54.64171848
1014.320000,-54.59646460
1014.328000,-54.45914249
1014.336000,-54.64171848
1014.344000,-54.22975213
1014.352000,-54.55121073
1014.360000,-54.42793292
1014.368000,-54.36707425
1014.376000,-54.53560594
1014.384000,-54.41388861
1014.392000,-54.56525503
1014.400000,-54.49035206
1014.408000,-54.32182037
1014.416000,-54.41388861
1014.424000,-54.27656649
1014.432000,-54.32182037
1014.440000,-54.20010304
1014.448000,-54.07838571
1014.456000,-54.22975213
1014.464000,-54.06278093
1014.472000,-54.30621559
1014.480000,-54.20010304
1014.488000,-54.32182037
1014.496000,-54.27656649
1014.504000,-54.06278093
1014.512000,-54.29061080
1014.520000,-54.09243002
1014.528000,-53.95510790
1014.536000,-54.10803480
1014.544000,-54.07838571
1014.552000,-54.13924438
1014.560000,-54.04717614
1014.568000,-54.06278093
1014.576000,-54.12363959
1014.584000,-53.95510790
1014.592000,-54.15328868
1014.600000,-54.03157135
1014.608000,-54.01596657
1014.616000,-53.98631747
1014.624000,-53.89424924
1014.632000,-53.87864445
1014.640000,-53.84899536
1014.648000,-53.86460014
1014.656000,-53.81778579
1014.664000,-53.61960500
1014.672000,-53.81778579
1014.680000,-53.77253191
1014.688000,-53.58995591
1014.696000,-53.83339057
1014.704000,-53.57435112
1014.712000,-53.86460014
1014.720000,-53.69606846
1014.728000,-53.71167324
1014.736000,-53.68046367
1014.744000,-53.45263379
1014.752000,-53.58995591
1014.760000,-53.51349246
1014.768000,-53.60400022
1014.776000,-53.66641936
1014.784000,-53.43702901
1014.792000,-53.71167324
1014.800000,-53.58995591
1014.808000,-53.71167324
1014.816000,-53.61960500
1014.824000,-53.42142422
1014.832000,-53.81778579
1014.840000,-53.39177513
1014.848000,-53.40581944
1014.856000,-53.36056556
1014.864000,-53.17798956
1014.872000,-53.37617034
1014.880000,-53.25445301
1014.888000,-53.51349246
1014.896000,-53.32935599
1014.904000,-53.14677999
1014.912000,-53.36056556
1014.920000,-53.19203387
1014.928000,-53.23884823
1014.936000,-53.17798956
1014.944000,-53.04066745
1014.952000,-53.19203387
1014.960000,-52.93299442
1014.968000,-53.13117520
1014.976000,-52.96420399
1014.984000,-52.97980878
1014.992000,-53.13117520
1015.000000,-52.97980878
1015.008000,-53.14677999
1015.016000,-53.13117520
1015.024000,-53.07031654
1015.032000,-53.00945787
1015.040000,-52.99385309
1015.048000,-53.16238478
1015.056000,-53.04066745
1015.064000,-52.81127709
1015.072000,-52.94859921
1015.080000,-52.73481364
1015.088000,-52.87213576
1015.096000,-52.78006752
1015.104000,-52.81127709
1015.112000,-52.91738964
1015.120000,-52.75041843
1015.128000,-52.91738964
1015.136000,-52.73481364
1015.144000,-52.73481364
1015.152000,-52.73481364
1015.160000,-52.61309631
1015.168000,-52.65835019
1015.176000,-52.67395498
1015.184000,-52.56628195
1015.192000,-52.59749152
1015.200000,-52.47577419
1015.208000,-52.73481364
1015.216000,-52.62870110
1015.224000,-52.67395498
1015.232000,-52.78006752
1015.240000,-52.56628195
1015.248000,-52.59749152
1015.256000,-52.52102807
1015.264000,-52.58188674
1015.272000,-52.52102807
1015.280000,-52.32284729
1015.288000,-52.53663286
1015.296000,-52.33845208
1015.304000,-52.18552518
1015.312000,-52.36810117
1015.320000,-52.10906172
1015.328000,-52.42895984
1015.336000,-52.32284729
1015.344000,-52.36810117
1015.352000,-52.35405686
1015.360000,-52.15431560
1015.368000,-52.33845208
1015.376000,-52.01699349
1015.384000,-52.16992039
1015.392000,-52.12466651
1015.400000,-51.92648573
1015.408000,-52.09345694
1015.416000,-51.97173961
1015.424000,-52.07941263
1015.432000,-52.06380784
1015.440000,-51.94209051
1015.448000,-52.29163772
1015.456000,-52.03259827
1015.464000,-52.16992039
1015.472000,-52.04820306
1015.480000,-51.89527616
1015.488000,-52.04820306
1015.496000,-51.80476840
1015.504000,-52.04820306
1015.512000,-51.87967137
1015.520000,-51.94209051
1015.528000,-52.01699349
1015.536000,-51.83441749
1015.544000,-51.94209051
1015.552000,-51.85002228
1015.560000,-51.75795404
1015.568000,-51.80476840
1015.576000,-51.71270016
1015.584000,-51.75795404
1015.592000,-51.53012417
1015.600000,-51.53012417
1015.608000,-51.63623671
1015.616000,-51.40684636
1015.624000,-51.63623671
1015.632000,-51.49891459
1015.640000,-51.49891459
1015.648000,-51.42245114
1015.656000,-51.37719726
1015.664000,-51.51451938
1015.672000,-51.49891459
1015.680000,-51.53012417
1015.688000,-51.55977326
1015.696000,-51.34598769
1015.704000,-51.51451938
1015.712000,-51.43805593
1015.720000,-51.28512903
1015.728000,-51.39280205
1015.736000,-51.31633860
1015.744000,-51.51451938
1015.752000,-51.34598769
1015.760000,-51.42245114
1015.768000,-51.36159248
1015.776000,-51.19306079
1015.784000,-51.37719726
1015.792000,-51.30073381
1015.800000,-51.14780691
1015.808000,-51.13220212
1015.816000,-50.91841656
1015.824000,-51.20866557
1015.832000,-51.05573867
1015.840000,-51.11815782
1015.848000,-51.25547993
1015.856000,-50.94962613
1015.864000,-51.22427036
1015.872000,-51.04169437
1015.880000,-51.01048479
1015.888000,-50.96523091
1015.896000,-50.84351358
1015.904000,-51.02608958
1015.912000,-50.88876746
1015.920000,-50.93402134
1015.928000,-51.01048479
1015.936000,-50.76705013
1015.944000,-51.10255303
1015.952000,-50.82790880
1015.960000,-50.90437225
1015.968000,-50.85755789
1015.976000,-50.65937711
1015.984000,-50.87316268
1015.992000,-50.46119633
1016.000000,-50.81230401
1016.008000,-50.69058668
1016.016000,-50.58291366
1016.024000,-50.69058668
1016.032000,-50.55326456
1016.040000,-50.72023577
1016.048000,-50.59851844
1016.056000,-50.52205499
1016.064000,-50.36912809
1016.072000,-50.21776167
1016.080000,-50.44559154
1016.088000,-50.30826943
1016.096000,-50.21776167
1016.104000,-50.38473288
1016.112000,-50.23180597
1016.120000,-50.44559154
1016.128000,-50.32387421
1016.136000,-50.41594245
1016.144000,-50.36912809
1016.152000,-50.20215688
1016.160000,-50.38473288
1016.168000,-50.26301555
1016.176000,-50.29422512
1016.184000,-50.36912809
1016.192000,-50.30826943
1016.200000,-50.29422512
1016.208000,-50.20215688
1016.216000,-50.17094731
1016.224000,-50.20215688
1016.232000,-50.00397610
1016.240000,-50.26301555
1016.248000,-50.11008864
1016.256000,-50.14129822
1016.264000,-50.18655210
1016.272000,-50.01958089
1016.280000,-50.09448386
1016.288000,-50.04922998
1016.296000,-50.08043955
1016.304000,-50.08043955
1016.312000,-50.06483476
1016.320000,-50.35508378
1016.328000,-50.24741076
1016.336000,-49.95716174
1016.344000,-50.11008864
1016.352000,-49.97276653
1016.360000,-50.20215688
1016.368000,-50.03362519
1016.376000,-50.12569343
1016.384000,-50.11008864
1016.392000,-49.91190786
1016.400000,-50.06483476
1016.408000,-49.88225877
1016.416000,-49.92751265
1016.424000,-49.89630308
1016.432000,-49.68251751
1016.440000,-49.92751265
1016.448000,-49.66847320
1016.456000,-49.72933187
1016.464000,-49.79019053
1016.472000,-49.57640496
1016.480000,-49.92751265
1016.488000,-49.63726363
1016.496000,-49.72933187
1016.504000,-49.66847320
1016.512000,-49.77458575
1016.520000,-49.57640496
1016.528000,-49.42347806
1016.536000,-49.65286842
1016.544000,-49.47029242
1016.552000,-49.31736552
1016.560000,-49.56080018
1016.568000,-49.39382897
1016.576000,-49.57640496
1016.584000,-49.56080018
1016.592000,-49.49994151
1016.600000,-49.65286842
1016.608000,-49.24090207
1016.616000,-49.54519539
1016.624000,-49.37822418
1016.632000,-49.25650685
1016.640000,-49.27055116
1016.648000,-49.20969249
1016.656000,-49.36261940
1016.664000,-49.24090207
1016.672000,-49.19564819
1016.680000,-49.04272128
1016.688000,-49.04272128
1016.696000,-49.28615595
1016.704000,-49.13322904
1016.712000,-49.10357995
1016.720000,-49.34701461
1016.728000,-49.25650685
1016.736000,-49.53115109
1016.744000,-49.47029242
1016.752000,-49.56080018
1016.760000,-49.56080018
1016.768000,-49.37822418
1016.776000,-49.53115109
1016.784000,-49.43908285
1016.792000,-49.51554630
1016.800000,-49.59200975
1016.808000,-49.45468763
1016.816000,-49.65286842
1016.824000,-49.65286842
1016.832000,-49.51554630
1016.840000,-49.43908285
1016.848000,-49.33297030
1016.856000,-49.48433673
1016.864000,-49.25650685
1016.872000,-49.33297030
1016.880000,-49.48433673
1016.888000,-49.19564819
1016.896000,-49.43908285
1016.904000,-49.31736552
1016.912000,-49.39382897
1016.920000,-49.37822418
1016.928000,-49.18004340
1016.936000,-49.45468763
1016.944000,-49.28615595
1016.952000,-49.19564819
1016.960000,-49.28615595
1016.968000,-49.05676559
1016.976000,-49.37822418
1016.984000,-49.22529728
1016.992000,-49.27055116
1017.000000,-49.22529728
1017.008000,-49.05676559
1017.016000,-49.27055116
1017.024000,-48.91944348
1017.032000,-49.24090207
1017.040000,-49.19564819
1017.048000,-49.02711650
1017.056000,-49.19564819
1017.064000,-49.05676559
1017.072000,-49.19564819
1017.080000,-49.13322904
1017.088000,-48.93504826
1017.096000,-49.18004340
1017.104000,-48.87418960
1017.112000,-49.04272128
1017.120000,-48.95065305
1017.128000,-48.87418960
1017.136000,-48.99590693
1017.144000,-48.82893572
1017.152000,-49.08797516
1017.160000,-48.79772615
1017.168000,-48.84454050
1017.176000,-48.78212136
1017.184000,-48.55429148
1017.192000,-48.79772615
1017.200000,-48.69161360
1017.208000,-48.64479924
1017.216000,-48.73686748
1017.224000,-48.53868670
1017.232000,-48.76807705
1017.240000,-48.52308191
1017.248000,-48.56989627
1017.256000,-48.66040403
1017.264000,-48.41696937
1017.272000,-48.61515015
1017.280000,-48.50747713
1017.288000,-48.50747713
1017.296000,-48.30929635
1017.304000,-48.32490113
1017.312000,-48.46222325
1017.320000,-48.40136458
1017.328000,-48.43257415
1017.336000,-48.43257415
1017.344000,-48.27964725
1017.352000,-48.47782803
1017.360000,-48.21878859
1017.368000,-48.18757901
1017.376000,-48.27964725
1017.384000,-48.12672035
1017.392000,-48.30929635
1017.400000,-48.11111556
1017.408000,-48.14232514
1017.416000,-48.11111556
1017.424000,-47.95818866
1017.432000,-48.17197423
1017.440000,-48.20318380
1017.448000,-48.05025690
1017.456000,-48.00500302
1017.464000,-47.80682224
1017.472000,-48.05025690
1017.480000,-47.88328569
1017.488000,-48.02060781
1017.496000,-48.03465211
1017.504000,-47.77561267
1017.512000,-48.05025690
1017.520000,-47.86768090
1017.528000,-47.92853957
1017.536000,-47.88328569
1017.544000,-47.73035879
1017.552000,-47.92853957
1017.560000,-47.68354443
1017.568000,-47.82086654
1017.576000,-47.69914921
1017.584000,-47.44010977
1017.592000,-47.68354443
1017.600000,-47.53217800
1017.608000,-47.63829055
1017.616000,-47.57743188
1017.624000,-47.45571455
1017.632000,-47.60864146
1017.640000,-47.27157808
1017.648000,-47.60864146
1017.656000,-47.37925110
1017.664000,-47.34804153
1017.672000,-47.44010977
1017.680000,-47.25753377
1017.688000,-47.42450498
1017.696000,-47.37925110
1017.704000,-47.30278765
1017.712000,-47.37925110
1017.720000,-47.22632420
1017.728000,-47.47131934
1017.736000,-47.30278765
1017.744000,-47.19667511
1017.752000,-47.33399722
1017.760000,-47.13425596
1017.768000,-47.36364632
1017.776000,-47.19667511
1017.784000,-47.36364632
1017.792000,-47.28718287
1017.800000,-47.05935299
1017.808000,-47.22632420
1017.816000,-47.01253863
1017.824000,-46.99693385
1017.832000,-47.04374820
1017.840000,-47.02814342
1017.848000,-47.08900208
1017.856000,-46.90642609
1017.864000,-46.90642609
1017.872000,-46.93607518
1017.880000,-46.70824531
1017.888000,-46.92203087
1017.896000,-46.79875307
1017.904000,-46.75349919
1017.912000,-46.64738664
1017.920000,-46.60057228
1017.928000,-46.73789440
1017.936000,-46.73789440
1017.944000,-46.79875307
1017.952000,-46.75349919
1017.960000,-46.57092319
1017.968000,-46.78470876
1017.976000,-46.60057228
1017.984000,-46.44764538
1017.992000,-46.57092319
1018.000000,-46.38678672
1018.008000,-46.58496750
1018.016000,-46.46325017
1018.024000,-46.58496750
1018.032000,-46.51006453
1018.040000,-46.34153284
1018.048000,-46.51006453
1018.056000,-46.38678672
1018.064000,-46.35713762
1018.072000,-46.31032327
1018.080000,-46.15895684
1018.088000,-46.34153284
1018.096000,-46.18860593
1018.104000,-46.28067417
1018.112000,-46.18860593
1018.120000,-46.03567903
1018.128000,-46.37274241
1018.136000,-46.05128382
1018.144000,-46.18860593
1018.152000,-46.14335206
1018.160000,-46.06688860
1018.168000,-46.20421072
1018.176000,-46.06688860
1018.184000,-46.35713762
1018.192000,-46.14335206
1018.200000,-45.96077606
1018.208000,-46.06688860
1018.216000,-45.86870782
1018.224000,-45.96077606
1018.232000,-45.86870782
1018.240000,-45.76103480
1018.248000,-45.85310304
1018.256000,-45.62371268
1018.264000,-45.83749825
1018.272000,-45.63931747
1018.280000,-45.68457135
1018.288000,-45.74699049
1018.296000,-45.51760014
1018.304000,-45.76103480
1018.312000,-45.59406359
1018.320000,-45.57845880
1018.328000,-45.40992712
1018.336000,-45.42553190
1018.344000,-45.65492226
1018.352000,-45.48639057
1018.360000,-45.42553190
1018.368000,-45.51760014
1018.376000,-45.34906845
1018.384000,-45.63931747
1018.392000,-45.51760014
1018.400000,-45.57845880
1018.408000,-45.45674147
1018.416000,-45.34906845
1018.424000,-45.56285402
1018.432000,-45.42553190
1018.440000,-45.48639057
1018.448000,-45.33502414
1018.456000,-45.21174633
1018.464000,-45.34906845
1018.472000,-45.33502414
1018.480000,-45.25856069
1018.488000,-45.22735112
1018.496000,-45.01356555
1018.504000,-45.25856069
1018.512000,-45.07442422
1018.520000,-45.09002900
1018.528000,-45.13528288
1018.536000,-44.87624344
1018.544000,-45.04477512
1018.552000,-44.89184822
1018.560000,-44.92305779
1018.568000,-44.87624344
1018.576000,-44.75452611
1018.584000,-44.95270689
1018.592000,-44.78573568
1018.600000,-44.77013089
1018.608000,-44.81538477
1018.616000,-44.61720399
1018.624000,-44.89184822
1018.632000,-44.78573568
1018.640000,-44.84659434
1018.648000,-44.72331653
1018.656000,-44.60159920
1018.664000,-44.77013089
1018.672000,-44.37376933
1018.680000,-44.69366744
1018.688000,-44.64841356
1018.696000,-44.49548666
1018.704000,-44.63280878
1018.712000,-44.49548666
1018.720000,-44.57195011
1018.728000,-44.44867230
1018.736000,-44.38781364
1018.744000,-44.51109144
1018.752000,-44.28170109
1018.760000,-44.51109144
1018.768000,-44.22084243
1018.776000,-44.23644721
1018.784000,-44.31135018
1018.792000,-44.03670595
1018.800000,-44.22084243
1018.808000,-44.08352031
1018.816000,-44.23644721
1018.824000,-44.12877419
1018.832000,-43.94619819
1018.840000,-44.20523764
1018.848000,-44.12877419
1018.856000,-44.09912510
1018.864000,-44.17402807
1018.872000,-44.11316940
1018.880000,-44.15998376
1018.888000,-43.99145207
1018.896000,-44.11316940
1018.904000,-44.00705686
1018.912000,-43.80887608
1018.920000,-44.02266164
1018.928000,-43.76206172
1018.936000,-43.80887608
1018.944000,-43.64034439
1018.952000,-43.57948572
1018.960000,-43.71680784
1018.968000,-43.67155396
1018.976000,-43.71680784
1018.984000,-43.74801741
1018.992000,-43.48741749
1019.000000,-43.70120305
1019.008000,-43.59509051
1019.016000,-43.42655882
1019.024000,-43.51862706
1019.032000,-43.41251451
1019.040000,-43.50302227
1019.048000,-43.32044628
1019.056000,-43.45776839
1019.064000,-43.47337318
1019.072000,-43.36570016
1019.080000,-43.51862706
1019.088000,-43.50302227
1019.096000,-43.48741749
1019.104000,-43.36570016
1019.112000,-43.19872895
1019.120000,-43.39690973
1019.128000,-43.19872895
1019.136000,-43.30484149
1019.144000,-43.33605106
1019.152000,-43.06140683
1019.160000,-43.25958761
1019.168000,-43.03019726
1019.176000,-43.15191459
1019.184000,-43.13787028
1019.192000,-43.00054816
1019.200000,-42.96933859
1019.208000,-42.83201648
1019.216000,-42.96933859
1019.224000,-42.93812902
1019.232000,-42.72590393
1019.240000,-42.98494338
1019.248000,-42.78676260
1019.256000,-42.96933859
1019.264000,-42.80080690
1019.272000,-42.71029915
1019.280000,-42.83201648
1019.288000,-42.43565491
1019.296000,-42.87727036
1019.304000,-42.73994824
1019.312000,-42.69469436
1019.320000,-42.78676260
1019.328000,-42.61823091
1019.336000,-42.81641169
1019.344000,-42.64944048
1019.352000,-42.61823091
1019.360000,-42.57297703
1019.368000,-42.40444534
1019.376000,-42.57297703
1019.384000,-42.38884056
1019.392000,-42.32798189
1019.400000,-42.40444534
1019.408000,-42.20626456
1019.416000,-42.45125970
1019.424000,-42.20626456
1019.432000,-42.32798189
1019.440000,-42.23747413
1019.448000,-42.00808378
1019.456000,-42.23747413
1019.464000,-42.11419632
1019.472000,-42.08454723
1019.480000,-42.16101068
1019.488000,-42.05333766
1019.496000,-42.10015202
1019.504000,-41.99247899
1019.512000,-42.03773287
1019.520000,-42.03773287
1019.528000,-41.87076166
1019.536000,-42.05333766
1019.544000,-41.93162033
1019.552000,-41.93162033
1019.560000,-41.93162033
1019.568000,-41.79429821
1019.576000,-41.91601554
1019.584000,-41.76308864
1019.592000,-41.87076166
1019.600000,-41.79429821
1019.608000,-41.56490786
1019.616000,-41.71783476
1019.624000,-41.59611743
1019.632000,-41.42758574
1019.640000,-41.56490786
1019.648000,-41.44319053
1019.656000,-41.64137131
1019.664000,-41.41354143
1019.672000,-41.55086355
1019.680000,-41.48844441
1019.688000,-41.35112229
1019.696000,-41.38233186
1019.704000,-41.22940496
1019.712000,-41.33707798
1019.720000,-41.13889720
1019.728000,-40.98597030
1019.736000,-41.13889720
1019.744000,-40.97036551
1019.752000,-41.12329242
1019.760000,-41.13889720
1019.768000,-40.86425297
1019.776000,-41.10768763
1019.784000,-40.75657995
1019.792000,-40.86425297
1019.800000,-40.78778952
1019.808000,-40.72693085
1019.816000,-40.80183382
1019.824000,-40.61925783
1019.832000,-40.63486261
1019.840000,-40.40547226
1019.848000,-40.25254536
1019.856000,-40.34461360
1019.864000,-40.13082803
1019.872000,-40.34461360
1019.880000,-40.05436458
1019.888000,-40.00911070
1019.896000,-40.05436458
1019.904000,-39.59714435
1019.912000,-40.00911070
1019.920000,-39.79532513
1019.928000,-39.79532513
1019.936000,-39.85618380
1019.944000,-39.61274914
1019.952000,-39.76567604
1019.960000,-39.67360780
1019.968000,-39.73446647
1019.976000,-39.64239823
1019.984000,-39.61274914
1019.992000,-39.81092992
1020.000000,-39.64239823
1020.008000,-39.65800301
1020.016000,-39.59714435
1020.024000,-39.44421745
1020.032000,-39.64239823
1020.040000,-39.41456835
1020.048000,-39.55189047
1020.056000,-39.39896357
1020.064000,-39.24603667
1020.072000,-39.44421745
1020.080000,-39.23043188
1020.088000,-39.26164145
1020.096000,-39.24603667
1020.104000,-39.10871455
1020.112000,-39.18517800
1020.120000,-39.16957321
1020.128000,-39.15396843
1020.136000,-39.07906546
1020.144000,-38.97139243
1020.152000,-39.06346067
1020.160000,-38.83407032
1020.168000,-38.97139243
1020.176000,-38.98699722
1020.184000,-38.80286074
1020.192000,-38.92613855
1020.200000,-38.89492898
1020.208000,-39.04785588
1020.216000,-38.92613855
1020.224000,-38.78881644
1020.232000,-38.98699722
1020.240000,-38.66553863
1020.248000,-38.59063566
1020.256000,-38.60467996
1020.264000,-38.42210397
1020.272000,-38.63588953
1020.280000,-38.45331354
1020.288000,-38.60467996
1020.296000,-38.52821651
1020.304000,-38.45331354
1020.312000,-38.54382130
1020.320000,-38.20831840
1020.328000,-38.46735785
1020.336000,-38.33003573
1020.344000,-38.19271361
1020.352000,-38.26917706
1020.360000,-38.08660107
1020.368000,-38.28478185
1020.376000,-38.14745973
1020.384000,-38.04134719
1020.392000,-38.31599142
1020.400000,-37.91806938
1020.408000,-38.10220586
1020.416000,-37.99453283
1020.424000,-37.97892805
1020.432000,-38.07099628
1020.440000,-37.91806938
1020.448000,-38.19271361
1020.456000,-37.91806938
1020.464000,-37.96488374
1020.472000,-37.90402507
1020.480000,-37.67463472
1020.488000,-37.84160593
1020.496000,-37.65902993
1020.504000,-37.62938084
1020.512000,-37.67463472
1020.520000,-37.46084915
1020.528000,-37.75109817
1020.536000,-37.44524437
1020.544000,-37.58256648
1020.552000,-37.61377605
1020.560000,-37.32352704
1020.568000,-37.50610303
1020.576000,-37.35473661
1020.584000,-37.56696170
1020.592000,-37.35473661
1020.600000,-37.35473661
1020.608000,-37.39999049
1020.616000,-37.27827316
1020.624000,-37.29231746
1020.632000,-37.12534625
1020.640000,-36.95681457
1020.648000,-37.15499535
1020.656000,-36.98802414
1020.664000,-37.12534625
1020.672000,-37.04888280
1020.680000,-36.92716547
1020.688000,-37.09413668
1020.696000,-36.80544814
1020.704000,-36.94277026
1020.712000,-36.88035112
1020.720000,-36.68217033
1020.728000,-36.86630681
1020.736000,-36.85070202
1020.744000,-36.69777512
1020.752000,-36.56045300
1020.760000,-36.45434046
1020.768000,-36.62131167
1020.776000,-36.43873567
1020.784000,-36.49959434
1020.792000,-36.42313089
1020.800000,-36.20934532
1020.808000,-36.31701834
1020.816000,-36.08762799
1020.824000,-36.22495011
1020.832000,-36.16409144
1020.840000,-36.10323277
1020.848000,-36.25615968
1020.856000,-35.99555975
1020.864000,-36.16409144
1020.872000,-36.07202320
1020.880000,-35.90505199
1020.888000,-36.10323277
1020.896000,-35.87384242
1020.904000,-35.99555975
1020.912000,-35.87384242
1020.920000,-35.85823764
1020.928000,-35.93470109
1020.936000,-35.56954910
1020.944000,-35.91909630
1020.952000,-35.76772988
1020.960000,-35.75212509
1020.968000,-35.59919819
1020.976000,-35.35576353
1020.984000,-35.55394431
1020.992000,-35.32455396
1021.000000,-35.29334438
1021.008000,-35.34015874
1021.016000,-35.03430494
1021.024000,-35.32455396
1021.032000,-35.20283663
1021.040000,-35.18723184
1021.048000,-35.21844141
1021.056000,-34.98905106
1021.064000,-35.23248572
1021.072000,-35.01870015
1021.080000,-35.21844141
1021.088000,-35.01870015
1021.096000,-34.86733373
1021.104000,-35.00465584
1021.112000,-34.89698282
1021.120000,-34.91258761
1021.128000,-34.85172894
1021.136000,-34.75966070
1021.144000,-34.92819239
1021.152000,-34.66915295
1021.160000,-34.75966070
1021.168000,-34.68319725
1021.176000,-34.48501647
1021.184000,-34.66915295
1021.192000,-34.46941169
1021.200000,-34.51622604
1021.208000,-34.25718660
1021.216000,-34.21037224
1021.224000,-34.27123090
1021.232000,-34.21037224
1021.240000,-34.33208957
1021.248000,-34.22597703
1021.256000,-34.10425969
1021.264000,-34.18072315
1021.272000,-33.96693758
1021.280000,-33.93572801
1021.288000,-33.90607891
1021.296000,-33.79840589
1021.304000,-33.90607891
1021.312000,-33.70789813
1021.320000,-33.82961546
1021.328000,-33.73754722
1021.336000,-33.66108377
1021.344000,-33.82961546
1021.352000,-33.72194244
1021.360000,-33.70789813
1021.368000,-33.69229335
1021.376000,-33.40204433
1021.384000,-33.44729821
1021.392000,-33.30997609
1021.400000,-33.37083475
1021.408000,-33.28032700
1021.416000,-33.21946833
1021.424000,-33.32558088
1021.432000,-32.99007798
1021.440000,-33.14300488
1021.448000,-32.95886841
1021.456000,-32.95886841
1021.464000,-32.97447319
1021.472000,-32.65457508
1021.480000,-32.94482410
1021.488000,-32.65457508
1021.496000,-32.53285775
1021.504000,-32.60932120
1021.512000,-32.33467697
1021.520000,-32.51725296
1021.528000,-32.40957994
1021.536000,-32.31907218
1021.544000,-32.36432606
1021.552000,-32.07407704
1021.560000,-32.34872128
1021.568000,-32.16614528
1021.576000,-32.27225782
1021.584000,-32.19735485
1021.592000,-31.96796450
1021.600000,-32.05847226
1021.608000,-31.78382802
1021.616000,-31.83064238
1021.624000,-31.54039336
1021.632000,-31.44832513
1021.640000,-31.73857414
1021.648000,-31.43428082
1021.656000,-31.40307125
1021.664000,-31.43428082
1021.672000,-31.18928568
1021.680000,-31.38746646
1021.688000,-31.17368089
1021.696000,-31.20489047
1021.704000,-31.00670968
1021.712000,-30.86938757
1021.720000,-30.86938757
1021.728000,-30.76171454
1021.736000,-30.79292412
1021.744000,-30.56353376
1021.752000,-30.54792898
1021.760000,-30.54792898
1021.768000,-30.42621165
1021.776000,-30.45742122
1021.784000,-30.25924044
1021.792000,-30.12191832
1021.800000,-30.30449432
1021.808000,-29.86131839
1021.816000,-29.95338663
1021.824000,-29.84727409
1021.832000,-29.52581550
1021.840000,-29.52581550
1021.848000,-29.44935205
1021.856000,-29.38849338
1021.864000,-29.23712696
1021.872000,-29.12945393
1021.880000,-29.08420005
1021.888000,-28.93127315
1021.896000,-28.77834625
1021.904000,-28.70188280
1021.912000,-28.58016547
1021.920000,-28.50370202
1021.928000,-28.18380391
1021.936000,-28.36637990
1021.944000,-27.97001834
1021.952000,-27.77183756
1021.960000,-27.93880877
1021.968000,-27.48158854
1021.976000,-27.67976932
1021.984000,-27.61891065
1021.992000,-27.22254909
1022.000000,-27.26780297
1022.008000,-27.02436831
1022.016000,-27.03841262
1022.024000,-26.90109050
1022.032000,-26.61240196
1022.040000,-26.53593851
1022.048000,-26.15362125
1022.056000,-26.04750871
1022.064000,-25.74165490
1022.072000,-25.68079624
1022.080000,-25.39054722
1022.088000,-25.07064911
1022.096000,-25.39054722
1022.104000,-24.70393664
1022.112000,-24.65868276
1022.120000,-24.59782409
1022.128000,-23.86595963
1022.136000,-24.00328175
1022.144000,-23.75828661
1022.152000,-23.19339336
1022.160000,-23.16374426
1022.168000,-22.67531446
1022.176000,-22.43031933
1022.184000,-22.09481643
1022.192000,-21.80456741
1022.200000,-21.43941542
1022.208000,-21.22562985
1022.216000,-20.79805871
1022.224000,-20.38609237
1022.232000,-20.44695103
1022.240000,-19.24226156
1022.248000,-19.04408077
1022.256000,-19.19544720
1022.264000,-17.89868949
1022.272000,-17.79257694
1022.280000,-17.53353749
1022.288000,-16.32728754
1022.296000,-16.26642887
1022.304000,-15.48775006
1022.312000,-14.63416826
1022.320000,-14.40477791
1022.328000,-13.15327408
1022.336000,-12.31373659
1022.344000,-11.94858460
1022.352000,-10.43804132
1022.360000,-9.50643560
1022.368000,-9.38471827
1022.376000,-7.15635484
1022.384000,-6.42449038
1022.392000,-6.34802692
1022.400000,-3.29573079
1022.408000,-2.56386633
1022.416000,-2.15189998
1022.424000,1.40287026
1022.432000,1.78518751
1022.440000,3.43305291
1022.448000,6.46974426
1022.456000,6.85050103
1022.464000,9.82633371
1022.472000,12.16080969
1022.480000,12.64923949
1022.488000,16.32572706
1022.496000,18.20298281
1022.504000,18.70701740
1022.512000,22.70496356
1022.520000,24.04697515
1022.528000,24.33722417
1022.536000,28.04492131
1022.544000,29.11384915
1022.552000,29.28082036
1022.560000,32.36276558
1022.568000,32.88240495
1022.576000,33.64547899
1022.584000,35.58359340
1022.592000,35.53677904
1022.600000,36.34666744
1022.608000,37.01767323
1022.616000,37.13939056
1022.624000,37.64342515
1022.632000,37.62782036
1022.640000,37.76514248
1022.648000,37.71988860
1022.656000,37.59661079
1022.664000,37.84160593
1022.672000,37.12378578
1022.680000,37.18464444
1022.688000,37.01767323
1022.696000,36.08606751
1022.704000,36.10167230
1022.712000,35.41506171
1022.720000,34.68319725
1022.728000,34.34769436
1022.736000,33.78280110
1022.744000,33.06498095
1022.752000,32.71387327
1022.760000,31.72296936
1022.768000,30.92868575
1022.776000,30.85222230
1022.784000,29.47900114
1022.792000,28.70188280
1022.800000,28.80799534
1022.808000,26.84023183
1022.816000,26.42826549
1022.824000,26.47351936
1022.832000,24.21550684
1022.840000,23.98611648
1022.848000,23.34475978
1022.856000,21.89507517
1022.864000,21.55957227
1022.872000,20.47660012
1022.880000,19.25630586
1022.888000,18.88959339
1022.896000,17.45551356
1022.904000,16.50986354
1022.912000,16.14315107
1022.920000,14.54053955
1022.928000,13.62609909
1022.936000,13.51842607
1022.944000,11.55066256
1022.952000,10.87965676
1022.960000,11.01697888
1022.968000,8.65129333
1022.976000,8.34543953
1022.984000,7.87261451
1022.992000,5.95010488
1023.000000,5.73631932
1023.008000,4.65334717
1023.016000,3.24891643
1023.024000,3.05073565
1023.032000,1.54019237
1023.040000,0.62575192
1023.048000,0.24343466
1023.056000,-1.23589905
1023.064000,-2.12225089
1023.072000,-2.45775379
1023.080000,-4.02915573
1023.088000,-4.77662498
1023.096000,-4.80627407
1023.104000,-6.95817406
1023.112000,-7.41695476
1023.120000,-7.58392597
1023.128000,-9.85754328
1023.136000,-10.14779230
1023.144000,-10.92647112
1023.152000,-12.57433652
1023.160000,-12.66484428
1023.168000,-14.17538756
1023.176000,-15.07578371
1023.184000,-15.41128660
1023.192000,-17.01389812
1023.200000,-17.48672314
1023.208000,-18.03601160
1023.216000,-19.79155002
1023.224000,-20.50780970
1023.232000,-20.64513181
1023.240000,-22.49273847
1023.248000,-23.17934905
1023.256000,-23.31667117
1023.264000,-25.37650291
1023.272000,-25.65114715
1023.280000,-26.29094337
1023.288000,-27.99966743
1023.296000,-28.06208657
1023.304000,-29.28238084
1023.312000,-30.36535298
1023.320000,-30.42621165
1023.328000,-32.07407704
1023.336000,-32.73103853
1023.344000,-33.15860967
1023.352000,-34.59268949
1023.360000,-35.03430494
1023.368000,-35.35576353
1023.376000,-36.78984336
1023.384000,-37.35473661
1023.392000,-37.44524437
1023.400000,-38.81846553
1023.408000,-39.09310976
1023.416000,-39.45982223
1023.424000,-40.71132607
1023.432000,-40.81743861
1023.440000,-41.45879531
1023.448000,-42.45125970
1023.456000,-42.40444534
1023.464000,-43.33605106
1023.472000,-43.76206172
1023.480000,-43.73241263
1023.488000,-44.61720399
1023.496000,-44.86063865
1023.504000,-45.12123858
1023.512000,-45.85310304
1023.520000,-46.02163472
1023.528000,-46.20421072
1023.536000,-46.89082130
1023.544000,-47.05935299
1023.552000,-47.34804153
1023.560000,-47.89733000
1023.568000,-48.09551078
1023.576000,-48.24843768
1023.584000,-48.96625783
1023.592000,-48.91944348
1023.600000,-49.33297030
1023.608000,-49.65286842
1023.616000,-49.49994151
1023.624000,-50.14129822
1023.632000,-50.17094731
1023.640000,-50.15690300
1023.648000,-50.69058668
1023.656000,-50.65937711
1023.664000,-50.88876746
1023.672000,-51.23987515
1023.680000,-51.26952424
1023.688000,-51.55977326
1023.696000,-51.45366071
1023.704000,-51.75795404
1023.712000,-51.74234925
1023.720000,-52.00294918
1023.728000,-51.97173961
1023.736000,-51.98734439
1023.744000,-52.46016941
1023.752000,-52.23077905
1023.760000,-52.55223765
1023.768000,-52.67395498
1023.776000,-52.55223765
1023.784000,-52.97980878
1023.792000,-52.90334533
1023.800000,-52.99385309
1023.808000,-53.20763866
1023.816000,-52.99385309
1023.824000,-53.37617034
1023.832000,-53.25445301
1023.840000,-53.46667810
1023.848000,-53.49788767
1023.856000,-53.49788767
1023.864000,-53.69606846
1023.872000,-53.65081458
1023.880000,-53.89424924
1023.888000,-53.66641936
1023.896000,-53.77253191
1023.904000,-53.95510790
1023.912000,-53.80374148
1023.920000,-54.07838571
1023.928000,-54.01596657
1023.936000,-53.92545881
1023.944000,-54.15328868
1023.952000,-53.98631747
1023.960000,-54.24535692
1023.968000,-54.20010304
1023.976000,-54.30621559
1023.984000,-54.41388861
1023.992000,-54.27656649
1024.000000,-54.47474727
1024.008000,-54.42793292
1024.016000,-54.45914249
1024.024000,-54.56525503
1024.032000,-54.59646460
1024.040000,-54.65732327
1024.048000,-54.49035206
1024.056000,-54.56525503
1024.064000,-54.68853284
1024.072000,-54.55121073
1024.080000,-54.87110884
1024.088000,-54.91636272
1024.096000,-54.79464539
1024.104000,-54.83989927
1024.112000,-54.68853284
1024.120000,-54.87110884
1024.128000,-54.67292806
1024.136000,-54.68853284
1024.144000,-54.74939151
1024.152000,-54.56525503
1024.160000,-54.73378672
1024.168000,-54.73378672
1024.176000,-54.67292806
1024.184000,-54.82585496
1024.192000,-54.67292806
1024.200000,-54.91636272
1024.208000,-54.77904060
1024.216000,-54.82585496
1024.224000,-54.83989927
1024.232000,-54.47474727
1024.240000,-54.88671362
1024.248000,-54.82585496
1024.256000,-54.82585496
1024.264000,-54.93196750
1024.272000,-54.77904060
1024.280000,-55.00843095
1024.288000,-54.87110884
1024.296000,-54.97722138
1024.304000,-55.10049919
1024.312000,-54.85550405
1024.320000,-55.13014828
1024.328000,-54.91636272
1024.336000,-54.94757229
1024.344000,-54.94757229
1024.352000,-54.74939151
1024.360000,-55.08489440
1024.368000,-54.76499629
1024.376000,-55.05368483
1024.384000,-54.88671362
1024.392000,-54.71818194
1024.400000,-54.91636272
1024.408000,-54.82585496
1024.416000,-54.94757229
1024.424000,-54.93196750
1024.432000,-54.83989927
1024.440000,-54.93196750
1024.448000,-54.61206939
1024.456000,-54.83989927
1024.464000,-54.81025017
1024.472000,-54.73378672
1024.480000,-54.87110884
1024.488000,-54.79464539
1024.496000,-54.97722138
1024.504000,-54.70257715
1024.512000,-54.87110884
1024.520000,-54.94757229
1024.528000,-54.87110884
1024.536000,-55.02403574
1024.544000,-54.83989927
1024.552000,-54.76499629
1024.560000,-54.85550405
1024.568000,-54.71818194
1024.576000,-54.76499629
1024.584000,-54.83989927
1024.592000,-54.82585496
1024.600000,-54.83989927
1024.608000,-54.59646460
1024.616000,-54.83989927
1024.624000,-54.77904060
1024.632000,-54.76499629
1024.640000,-54.83989927
1024.648000,-54.74939151
1024.656000,-54.81025017
1024.664000,-54.67292806
1024.672000,-54.52000115
1024.680000,-54.61206939
1024.688000,-54.47474727
1024.696000,-54.77904060
1024.704000,-54.77904060
1024.712000,-54.71818194
1024.720000,-54.91636272
1024.728000,-54.67292806
1024.736000,-54.88671362
1024.744000,-54.77904060
1024.752000,-54.83989927
1024.760000,-54.73378672
1024.768000,-54.58085982
1024.776000,-54.85550405
1024.784000,-54.59646460
1024.792000,-54.56525503
1024.800000,-54.64171848
1024.808000,-54.52000115
1024.816000,-54.70257715
1024.824000,-54.59646460
1024.832000,-54.67292806
1024.840000,-54.64171848
1024.848000,-54.29061080
1024.856000,-54.62767418
1024.864000,-54.42793292
1024.872000,-54.52000115
1024.880000,-54.44353770
1024.888000,-54.30621559
1024.896000,-54.50439637
1024.904000,-54.35302994
1024.912000,-54.50439637
1024.920000,-54.44353770
1024.928000,-54.41388861
1024.936000,-54.70257715
1024.944000,-54.47474727
1024.952000,-54.59646460
1024.960000,-54.53560594
1024.968000,-54.39828382
1024.976000,-54.58085982
1024.984000,-54.35302994
1024.992000,-54.68853284
1025.000000,-54.42793292
1025.008000,-54.32182037
1025.016000,-54.49035206
1025.024000,-54.35302994
1025.032000,-54.62767418
1025.040000,-54.59646460
1025.048000,-54.67292806
1025.056000,-54.74939151
1025.064000,-54.56525503
1025.072000,-54.74939151
1025.080000,-54.42793292
1025.088000,-54.33742516
1025.096000,-54.44353770
1025.104000,-54.15328868
1025.112000,-54.44353770
1025.120000,-54.27656649
1025.128000,-54.33742516
1025.136000,-54.24535692
1025.144000,-54.26096171
1025.152000,-54.47474727
1025.160000,-54.32182037
1025.168000,-54.30621559
1025.176000,-54.35302994
1025.184000,-54.13924438
1025.192000,-54.15328868
1025.200000,-54.26096171
1025.208000,-54.27656649
1025.216000,-54.33742516
1025.224000,-54.16889347
1025.232000,-54.41388861
1025.240000,-54.32182037
1025.248000,-54.32182037
1025.256000,-54.42793292
1025.264000,-54.38267904
1025.272000,-54.61206939
1025.280000,-54.53560594
1025.288000,-54.55121073
1025.296000,-54.53560594
1025.304000,-54.32182037
1025.312000,-54.50439637
1025.320000,-54.44353770
1025.328000,-54.41388861
1025.336000,-54.58085982
1025.344000,-54.24535692
1025.352000,-54.50439637
1025.360000,-54.36707425
1025.368000,-54.47474727
1025.376000,-54.42793292
1025.384000,-54.30621559
1025.392000,-54.64171848
1025.400000,-54.32182037
1025.408000,-54.42793292
1025.416000,-54.32182037
1025.424000,-54.15328868
1025.432000,-54.38267904
1025.440000,-54.26096171
1025.448000,-54.39828382
1025.456000,-54.30621559
1025.464000,-54.20010304
1025.472000,-54.41388861
1025.480000,-54.15328868
1025.488000,-54.16889347
1025.496000,-54.04717614
1025.504000,-53.95510790
1025.512000,-54.10803480
1025.520000,-53.92545881
1025.528000,-54.07838571
1025.536000,-53.75692712
1025.544000,-53.89424924
1025.552000,-54.13924438
1025.560000,-53.94106359
1025.568000,-54.07838571
1025.576000,-53.98631747
1025.584000,-53.87864445
1025.592000,-54.01596657
1025.600000,-53.78813669
1025.608000,-54.04717614
1025.616000,-53.87864445
1025.624000,-53.90985402
1025.632000,-53.98631747
1025.640000,-53.81778579
1025.648000,-54.01596657
1025.656000,-53.92545881
1025.664000,-54.00192226
1025.672000,-53.94106359
1025.680000,-53.87864445
1025.688000,-53.89424924
1025.696000,-53.72727803
1025.704000,-53.71167324
1025.712000,-53.74132233
1025.720000,-53.48228289
1025.728000,-53.74132233
1025.736000,-53.65081458
1025.744000,-53.57435112
1025.752000,-53.54314155
1025.760000,-53.42142422
1025.768000,-53.65081458
1025.776000,-53.51349246
1025.784000,-53.48228289
1025.792000,-53.49788767
1025.800000,-53.28410211
1025.808000,-53.29970689
1025.816000,-53.36056556
1025.824000,-53.31531168
1025.832000,-53.42142422
1025.840000,-53.28410211
1025.848000,-53.54314155
1025.856000,-53.45263379
1025.864000,-53.55874634
1025.872000,-53.48228289
1025.880000,-53.13117520
1025.888000,-53.52909725
1025.896000,-53.40581944
1025.904000,-53.43702901
1025.912000,-53.39177513
1025.920000,-53.13117520
1025.928000,-53.32935599
1025.936000,-53.20763866
1025.944000,-53.22324344
1025.952000,-53.31531168
1025.960000,-53.00945787
1025.968000,-53.19203387
1025.976000,-53.04066745
1025.984000,-53.11713090
1025.992000,-53.08592132
1026.000000,-52.96420399
1026.008000,-53.16238478
1026.016000,-52.88774054
1026.024000,-53.16238478
1026.032000,-52.87213576
1026.040000,-52.73481364
1026.048000,-52.94859921
1026.056000,-52.82688188
1026.064000,-52.94859921
1026.072000,-52.90334533
1026.080000,-53.00945787
1026.088000,-53.05471175
1026.096000,-52.75041843
1026.104000,-53.00945787
1026.112000,-52.94859921
1026.120000,-52.75041843
1026.128000,-52.81127709
1026.136000,-52.62870110
1026.144000,-52.76602321
1026.152000,-52.52102807
1026.160000,-52.62870110
1026.168000,-52.65835019
1026.176000,-52.50542329
1026.184000,-52.70516455
1026.192000,-52.61309631
1026.200000,-52.58188674
1026.208000,-52.67395498
1026.216000,-52.36810117
1026.224000,-52.49137898
1026.232000,-52.47577419
1026.240000,-52.41491553
1026.248000,-52.41491553
1026.256000,-52.16992039
1026.264000,-52.39931074
1026.272000,-52.26198863
1026.280000,-52.35405686
1026.288000,-52.39931074
1026.296000,-52.39931074
1026.304000,-52.49137898
1026.312000,-52.36810117
1026.320000,-52.41491553
1026.328000,-52.32284729
1026.336000,-52.12466651
1026.344000,-52.33845208
1026.352000,-52.32284729
1026.360000,-52.20112996
1026.368000,-52.26198863
1026.376000,-51.97173961
1026.384000,-52.16992039
1026.392000,-52.06380784
1026.400000,-52.14027130
1026.408000,-52.12466651
1026.416000,-51.94209051
1026.424000,-52.10906172
1026.432000,-51.97173961
1026.440000,-51.85002228
1026.448000,-51.91088094
1026.456000,-51.80476840
1026.464000,-51.97173961
1026.472000,-51.78916361
1026.480000,-51.89527616
1026.488000,-51.87967137
1026.496000,-51.51451938
1026.504000,-51.92648573
1026.512000,-51.83441749
1026.520000,-51.94209051
1026.528000,-51.87967137
1026.536000,-51.71270016
1026.544000,-51.89527616
1026.552000,-51.68149059
1026.560000,-51.75795404
1026.568000,-51.68149059
1026.576000,-51.62063192
1026.584000,-51.83441749
1026.592000,-51.62063192
1026.600000,-51.75795404
1026.608000,-51.69709538
1026.616000,-51.60502714
1026.624000,-51.62063192
1026.632000,-51.74234925
1026.640000,-51.77355883
1026.648000,-51.39280205
1026.656000,-51.36159248
1026.664000,-51.51451938
1026.672000,-51.30073381
1026.680000,-51.46770502
1026.688000,-51.34598769
1026.696000,-51.37719726
1026.704000,-51.34598769
1026.712000,-51.22427036
1026.720000,-51.42245114
1026.728000,-51.30073381
1026.736000,-51.20866557
1026.744000,-51.33038291
1026.752000,-51.13220212
1026.760000,-51.34598769
1026.768000,-51.23987515
1026.776000,-51.23987515
1026.784000,-51.14780691
1026.792000,-51.02608958
1026.800000,-51.23987515
1026.808000,-51.14780691
1026.816000,-51.13220212
1026.824000,-51.14780691
1026.832000,-50.98083570
1026.840000,-50.98083570
1026.848000,-50.99488001
1026.856000,-50.94962613
1026.864000,-50.98083570
1026.872000,-50.70619147
1026.880000,-50.93402134
1026.888000,-50.78109444
1026.896000,-50.84351358
1026.904000,-50.84351358
1026.912000,-50.69058668
1026.920000,-50.79669923
1026.928000,-50.79669923
1026.936000,-50.81230401
1026.944000,-50.72023577
1026.952000,-50.58291366
1026.960000,-50.79669923
1026.968000,-50.75144535
1026.976000,-50.76705013
1026.984000,-50.91841656
1026.992000,-50.59851844
1027.000000,-50.76705013
1027.008000,-50.62972802
1027.016000,-50.72023577
1027.024000,-50.67498190
1027.032000,-50.18655210
1027.040000,-50.49240590
1027.048000,-50.26301555
1027.056000,-50.33947900
1027.064000,-50.27862033
1027.072000,-50.20215688
1027.080000,-50.38473288
1027.088000,-50.26301555
1027.096000,-50.36912809
1027.104000,-50.32387421
1027.112000,-50.01958089
1027.120000,-50.38473288
1027.128000,-50.11008864
1027.136000,-50.30826943
1027.144000,-50.29422512
1027.152000,-50.18655210
1027.160000,-50.32387421
1027.168000,-50.04922998
1027.176000,-50.21776167
1027.184000,-49.92751265
1027.192000,-50.06483476
1027.200000,-50.20215688
1027.208000,-49.98837131
1027.216000,-50.23180597
1027.224000,-50.14129822
1027.232000,-50.08043955
1027.240000,-50.21776167
1027.248000,-50.01958089
1027.256000,-50.26301555
1027.264000,-49.97276653
1027.272000,-49.94311743
1027.280000,-49.95716174
1027.288000,-49.75898096
1027.296000,-49.98837131
1027.304000,-49.85104920
1027.312000,-49.89630308
1027.320000,-49.88225877
1027.328000,-49.83544441
1027.336000,-49.89630308
1027.344000,-49.72933187
1027.352000,-49.65286842
1027.360000,-49.69812229
1027.368000,-49.53115109
1027.376000,-49.79019053
1027.384000,-49.79019053
1027.392000,-49.65286842
1027.400000,-49.57640496
1027.408000,-49.47029242
1027.416000,-49.69812229
1027.424000,-49.57640496
1027.432000,-49.60761454
1027.440000,-49.60761454
1027.448000,-49.42347806
1027.456000,-49.53115109
1027.464000,-49.43908285
1027.472000,-49.42347806
1027.480000,-49.48433673
1027.488000,-49.28615595
1027.496000,-49.45468763
1027.504000,-49.28615595
1027.512000,-49.34701461
1027.520000,-49.39382897
1027.528000,-48.98186262
1027.536000,-49.33297030
1027.544000,-49.24090207
1027.552000,-49.31736552
1027.560000,-49.24090207
1027.568000,-49.13322904
1027.576000,-49.22529728
1027.584000,-49.07237038
1027.592000,-49.16443862
1027.600000,-49.24090207
1027.608000,-48.96625783
1027.616000,-49.13322904
1027.624000,-48.91944348
1027.632000,-49.05676559
1027.640000,-49.05676559
1027.648000,-49.34701461
1027.656000,-49.33297030
1027.664000,-48.99590693
1027.672000,-49.16443862
1027.680000,-49.01151171
1027.688000,-48.85858481
1027.696000,-49.05676559
1027.704000,-48.85858481
1027.712000,-48.95065305
1027.720000,-48.85858481
1027.728000,-48.79772615
1027.736000,-48.91944348
1027.744000,-48.64479924
1027.752000,-48.93504826
1027.760000,-48.82893572
1027.768000,-48.72126269
1027.776000,-48.82893572
1027.784000,-48.58394058
1027.792000,-48.76807705
1027.800000,-48.40136458
1027.808000,-48.55429148
1027.816000,-48.56989627
1027.824000,-48.38575980
1027.832000,-48.58394058
1027.840000,-48.46222325
1027.848000,-48.43257415
1027.856000,-48.53868670
1027.864000,-48.34050592
1027.872000,-48.52308191
1027.880000,-48.44661846
1027.888000,-48.55429148
1027.896000,-48.53868670
1027.904000,-48.32490113
1027.912000,-48.55429148
1027.920000,-48.34050592
1027.928000,-48.37015501
1027.936000,-48.34050592
1027.944000,-48.30929635
1027.952000,-48.38575980
1027.960000,-48.23283289
1027.968000,-48.27964725
1027.976000,-48.27964725
1027.984000,-48.02060781
1027.992000,-48.18757901
1028.000000,-48.18757901
1028.008000,-48.09551078
1028.016000,-48.11111556
1028.024000,-47.91293478
1028.032000,-48.11111556
1028.040000,-48.02060781
1028.048000,-48.09551078
1028.056000,-47.95818866
1028.064000,-47.83647133
1028.072000,-48.06586168
1028.080000,-47.86768090
1028.088000,-47.85207612
1028.096000,-47.91293478
1028.104000,-47.77561267
1028.112000,-47.98939823
1028.120000,-47.82086654
1028.128000,-47.97379345
1028.136000,-47.88328569
1028.144000,-47.44010977
1028.152000,-47.79121745
1028.160000,-47.60864146
1028.168000,-47.51657322
1028.176000,-47.57743188
1028.184000,-47.48536365
1028.192000,-47.45571455
1028.200000,-47.27157808
1028.208000,-47.33399722
1028.216000,-47.10460687
1028.224000,-47.05935299
1028.232000,-47.14986075
1028.240000,-46.84556742
1028.248000,-46.99693385
1028.256000,-46.93607518
1028.264000,-46.85961173
1028.272000,-47.08900208
1028.280000,-46.79875307
1028.288000,-47.12021166
1028.296000,-46.87521652
1028.304000,-46.73789440
1028.312000,-46.84556742
1028.320000,-46.70824531
1028.328000,-46.84556742
1028.336000,-46.72228961
1028.344000,-46.79875307
1028.352000,-46.75349919
1028.360000,-46.57092319
1028.368000,-46.76910397
1028.376000,-46.60057228
1028.384000,-46.61617707
1028.392000,-46.66143095
1028.400000,-46.43360107
1028.408000,-46.67703573
1028.416000,-46.37274241
1028.424000,-46.46325017
1028.432000,-46.35713762
1028.440000,-46.18860593
1028.448000,-46.44764538
1028.456000,-46.32592805
1028.464000,-46.31032327
1028.472000,-46.35713762
1028.480000,-46.15895684
1028.488000,-46.11214248
1028.496000,-46.20421072
1028.504000,-46.21981551
1028.512000,-46.15895684
1028.520000,-46.00602994
1028.528000,-46.26506939
1028.536000,-46.12774727
1028.544000,-46.20421072
1028.552000,-46.12774727
1028.560000,-46.08249339
1028.568000,-46.23542029
1028.576000,-46.06688860
1028.584000,-46.12774727
1028.592000,-46.08249339
1028.600000,-45.96077606
1028.608000,-46.15895684
1028.616000,-46.05128382
1028.624000,-46.11214248
1028.632000,-46.18860593
1028.640000,-45.91396170
1028.648000,-46.11214248
1028.656000,-45.97482037
1028.664000,-45.97482037
1028.672000,-45.80784916
1028.680000,-45.68457135
1028.688000,-45.83749825
1028.696000,-45.51760014
1028.704000,-45.62371268
1028.712000,-45.50199535
1028.720000,-45.38027802
1028.728000,-45.53320492
1028.736000,-45.40992712
1028.744000,-45.53320492
1028.752000,-45.45674147
1028.760000,-45.28820979
1028.768000,-45.51760014
1028.776000,-45.19770203
1028.784000,-45.47234626
1028.792000,-45.38027802
1028.800000,-45.33502414
1028.808000,-45.44113669
1028.816000,-45.30381457
1028.824000,-45.40992712
1028.832000,-45.09002900
1028.840000,-45.21174633
1028.848000,-45.33502414
1028.856000,-45.09002900
1028.864000,-45.28820979
1028.872000,-45.09002900
1028.880000,-45.02917034
1028.888000,-45.13528288
1028.896000,-44.83098956
1028.904000,-45.16649245
1028.912000,-44.93710210
1028.920000,-44.95270689
1028.928000,-44.95270689
1028.936000,-45.15088767
1028.944000,-44.92305779
1028.952000,-44.77013089
1028.960000,-44.89184822
1028.968000,-44.77013089
1028.976000,-44.69366744
1028.984000,-44.77013089
1028.992000,-44.61720399
1029.000000,-44.67806265
1029.008000,-44.73892132
1029.016000,-44.55634532
1029.024000,-44.79977999
1029.032000,-44.70927223
1029.040000,-44.73892132
1029.048000,-44.54074054
1029.056000,-44.40341842
1029.064000,-44.60159920
1029.072000,-44.46427709
1029.080000,-44.49548666
1029.088000,-44.49548666
1029.096000,-44.34255976
1029.104000,-44.29730588
1029.112000,-44.38781364
1029.120000,-44.26609631
1029.128000,-44.25049152
1029.136000,-44.12877419
1029.144000,-44.34255976
1029.152000,-44.17402807
1029.160000,-44.31135018
1029.168000,-44.14437898
1029.176000,-44.02266164
1029.184000,-44.26609631
1029.192000,-44.08352031
1029.200000,-44.15998376
1029.208000,-44.08352031
1029.216000,-44.00705686
1029.224000,-44.17402807
1029.232000,-43.99145207
1029.240000,-44.18963285
1029.248000,-44.22084243
1029.256000,-44.00705686
1029.264000,-44.17402807
1029.272000,-44.00705686
1029.280000,-44.05231074
1029.288000,-43.94619819
1029.296000,-43.88533953
1029.304000,-44.09912510
1029.312000,-43.82448086
1029.320000,-44.05231074
1029.328000,-43.80887608
1029.336000,-43.71680784
1029.344000,-43.82448086
1029.352000,-43.64034439
1029.360000,-43.77766651
1029.368000,-43.67155396
1029.376000,-43.68715875
1029.384000,-43.71680784
1029.392000,-43.39690973
1029.400000,-43.71680784
1029.408000,-43.62473960
1029.416000,-43.54983663
1029.424000,-43.61069530
1029.432000,-43.45776839
1029.440000,-43.64034439
1029.448000,-43.32044628
1029.456000,-43.50302227
1029.464000,-43.50302227
1029.472000,-43.35009537
1029.480000,-43.56388094
1029.488000,-43.42655882
1029.496000,-43.47337318
1029.504000,-43.44216361
1029.512000,-43.22837804
1029.520000,-43.38130494
1029.528000,-43.18312416
1029.536000,-43.22837804
1029.544000,-43.16751937
1029.552000,-43.04580204
1029.560000,-43.32044628
1029.568000,-43.22837804
1029.576000,-43.21277325
1029.584000,-43.13787028
1029.592000,-43.12226550
1029.600000,-43.07545114
1029.608000,-42.98494338
1029.616000,-43.01459247
1029.624000,-42.96933859
1029.632000,-42.80080690
1029.640000,-42.98494338
1029.648000,-42.98494338
1029.656000,-42.93812902
1029.664000,-42.89287514
1029.672000,-42.73994824
1029.680000,-42.89287514
1029.688000,-42.77115781
1029.696000,-42.90847993
1029.704000,-42.83201648
1029.712000,-42.63383570
1029.720000,-42.73994824
1029.728000,-42.67908957
1029.736000,-42.66348479
1029.744000,-42.69469436
1029.752000,-42.52616267
1029.760000,-42.64944048
1029.768000,-42.45125970
1029.776000,-42.60262612
1029.784000,-42.54176746
1029.792000,-42.25151844
1029.800000,-42.54176746
1029.808000,-42.31237710
1029.816000,-42.52616267
1029.824000,-42.38884056
1029.832000,-42.31237710
1029.840000,-42.45125970
1029.848000,-42.14540589
1029.856000,-42.31237710
1029.864000,-42.22186935
1029.872000,-42.06894244
1029.880000,-42.25151844
1029.888000,-42.05333766
1029.896000,-42.31237710
1029.904000,-42.22186935
1029.912000,-42.17505499
1029.920000,-42.25151844
1029.928000,-42.03773287
1029.936000,-42.35919146
1029.944000,-42.03773287
1029.952000,-41.99247899
1029.960000,-41.91601554
1029.968000,-41.96282990
1029.976000,-42.16101068
1029.984000,-41.97687421
1029.992000,-42.06894244
1030.000000,-41.97687421
